region,category,channel,units,unit_price,discount,revenue,high_value
East,Grocery,Retail,15,707.4559718323972,0.137,9201.48,1
South,Electronics,Partner,20,362.8309720607538,0.036,7217.96,1
North,Apparel,Retail,16,837.7931415166826,0.171,10915.18,1
West,Home,Online,15,251.33807385259263,0.047,3456.63,1
West,Toys,Partner,12,536.8577504831597,0.018,6465.84,1
South,Electronics,Partner,6,196.77364846321518,0.15,1019.79,0
East,Home,Retail,7,495.4885917304083,0.197,2795.28,0
North,Electronics,Online,18,166.36784861925076,0.256,2284.2,1
East,Toys,Retail,2,175.11547939666104,0.235,275.22,0
East,Toys,Retail,3,607.7344419603351,0.257,1364.17,0
North,Home,Online,10,273.2346004887361,0.228,2188.0,0
South,Apparel,Partner,19,185.4725375016774,0.211,2829.29,1
North,Electronics,Partner,16,912.5775201296702,0.003,14763.42,1
South,Grocery,Online,15,61.283120710449026,0.188,738.15,0
North,Toys,Retail,13,562.5421881880517,0.036,6769.06,1
South,Apparel,Retail,3,546.3332881599347,0.018,1576.14,0
North,Home,Retail,8,260.5845194269374,0.047,2028.64,0
East,Toys,Retail,2,454.6608753083051,0.247,696.22,0
South,Toys,Retail,19,104.22827175933006,0.223,1517.92,1
West,Home,Partner,19,712.4193400869302,0.285,9775.45,1
North,Apparel,Retail,7,232.82926244175027,0.294,1122.59,0
West,Toys,Retail,8,205.64994543349368,0.268,1181.51,0
East,Toys,Online,8,322.2833391464029,0.04,2563.73,0
South,Home,Retail,22,886.2751234526163,0.264,14250.89,1
South,Electronics,Online,12,784.6079823522009,0.252,6898.96,1
North,Home,Retail,19,929.0165994884073,0.261,13030.87,1
West,Toys,Retail,11,645.883852191762,0.046,6716.64,1
South,Grocery,Online,17,656.4046505908041,0.035,10966.05,1
North,Home,Partner,13,480.8297594491683,0.277,4686.39,1
West,Apparel,Online,7,888.9788704322964,0.052,5942.56,0
West,Home,Online,22,510.44206329951584,0.111,10056.02,1
East,Electronics,Online,18,360.85766796322366,0.137,5544.95,1
East,Electronics,Retail,19,634.7600095209585,0.037,11674.25,1
North,Toys,Retail,23,544.293913664925,0.006,12263.79,1
South,Grocery,Online,6,139.05902269749964,0.298,562.34,0
East,Grocery,Retail,3,397.0163973559324,0.263,903.51,0
South,Home,Partner,14,320.79239465070077,0.274,3242.13,1
South,Electronics,Online,8,832.9604240106866,0.085,6093.41,1
West,Grocery,Retail,11,383.6888546941844,0.066,3810.67,0
North,Home,Online,6,808.6930233333369,0.128,4345.19,0
East,Apparel,Retail,10,444.69401014490774,0.136,3740.83,0
South,Grocery,Online,10,743.3605409077857,0.002,7365.69,0
North,Toys,Partner,9,149.87065137074234,0.234,1061.33,0
West,Toys,Retail,18,907.6642108721239,0.299,11414.23,1
East,Apparel,Online,15,481.3374951669615,0.159,6281.51,1
South,Grocery,Retail,12,269.4063158012541,0.116,2791.4,0
West,Home,Online,3,251.8300221102146,0.118,677.82,0
South,Home,Retail,14,274.47419703197306,0.029,3873.88,1
North,Toys,Online,5,372.05520600124896,0.08,1718.25,0
South,Toys,Online,8,708.8187513685921,0.151,4888.32,0
South,Electronics,Retail,10,931.6189211847618,0.13,8035.85,0
East,Apparel,Online,4,662.2759329186869,0.164,2259.18,0
West,Apparel,Partner,10,545.2796201063368,0.255,4195.21,0
West,Grocery,Partner,7,450.6538956964493,0.068,2987.83,0
West,Toys,Retail,21,815.0666883561119,0.008,17571.62,1
East,Apparel,Online,21,835.6709143482271,0.011,17479.14,1
North,Toys,Partner,1,301.3161674555058,0.04,291.05,0
East,Toys,Online,15,935.2834387072929,0.171,11448.47,1
North,Apparel,Retail,16,399.3107486781268,0.242,4924.06,1
North,Home,Online,10,788.0749464238667,0.266,5961.22,0
South,Grocery,Retail,12,948.147082958944,0.191,9312.35,0
North,Home,Retail,19,695.5117768213868,0.121,11367.67,1
West,Electronics,Online,10,175.088697393146,0.046,1676.24,0
South,Toys,Online,2,582.6914769669736,0.12,1046.53,0
West,Home,Partner,9,134.0260381717553,0.1,1123.77,0
West,Home,Online,7,777.5763582741693,0.261,3911.9,0
South,Toys,Partner,10,290.06256691892764,0.146,2403.32,0
West,Grocery,Online,6,687.4062301376179,0.068,3817.2,0
East,Apparel,Partner,4,893.686087164991,0.087,3165.99,0
West,Home,Retail,24,193.7694566433655,0.041,4631.21,1
South,Electronics,Retail,4,397.1435250571201,0.276,1143.16,0
East,Toys,Partner,17,641.2340365506236,0.015,10766.34,1
West,Home,Partner,18,422.8722490971211,0.004,7415.73,1
East,Apparel,Partner,15,187.82618395972662,0.055,2651.6,1
North,Toys,Retail,22,47.90874960204512,0.243,828.81,1
West,Home,Retail,1,410.3342179538844,0.157,345.6,0
West,Home,Partner,8,643.2406655186436,0.188,4014.3,0
East,Home,Online,5,571.0248398263891,0.107,2497.11,0
North,Apparel,Retail,14,169.9915901702167,0.021,2419.09,1
North,Electronics,Partner,16,452.66570611269117,0.257,5591.84,1
South,Grocery,Partner,22,374.6922043340027,0.058,7585.28,1
West,Electronics,Retail,10,283.23430620166386,0.01,2829.88,0
East,Apparel,Partner,6,720.1003941059737,0.172,3456.37,0
South,Toys,Partner,23,317.265948826097,0.025,7158.77,1
North,Electronics,Online,17,538.5362742397081,0.029,8623.58,1
North,Toys,Online,19,906.2945938588318,0.24,13420.52,1
East,Toys,Retail,11,537.7049429634392,0.147,5222.71,0
West,Toys,Partner,11,612.3419937541383,0.072,6087.26,1
South,Apparel,Partner,10,90.31614672084935,0.105,805.92,0
South,Electronics,Partner,18,191.00877799206685,0.219,2599.71,1
West,Grocery,Partner,6,116.91315132618894,0.02,678.6,0
South,Apparel,Retail,24,754.2204304216066,0.035,16860.0,1
South,Grocery,Online,5,822.4842376801687,0.185,3288.49,0
West,Electronics,Online,12,198.99708146679455,0.182,2029.96,0
South,Electronics,Partner,8,230.5008808861674,0.292,1257.99,0
West,Toys,Online,16,330.2789979130716,0.112,4827.36,1
East,Grocery,Online,17,587.434512275682,0.02,9455.83,1
North,Grocery,Retail,23,616.9243460480187,0.161,11932.41,1
North,Toys,Partner,19,679.2838001997993,0.192,10388.42,1
East,Apparel,Online,6,888.9850459649241,0.042,5286.3,0
South,Grocery,Retail,5,303.2385348766766,0.166,1234.06,0
East,Toys,Partner,22,652.4086296385046,0.059,13160.06,1
South,Electronics,Retail,12,557.3339319465845,0.253,5095.35,1
East,Electronics,Retail,3,313.60375079606445,0.251,717.39,0
South,Grocery,Retail,20,891.1185791299264,0.129,15770.64,1
South,Apparel,Online,16,111.6640754808488,0.29,1220.42,1
South,Toys,Retail,1,703.5209857587694,0.294,487.15,0
North,Electronics,Partner,19,718.7587645016979,0.039,13480.67,1
West,Apparel,Online,15,898.7134665823631,0.11,12094.63,1
North,Apparel,Retail,15,517.8373686572994,0.18,6421.47,1
West,Apparel,Retail,21,328.75744469047606,0.025,6621.41,1
South,Toys,Online,12,814.6310430656197,0.115,8485.39,1
North,Grocery,Retail,12,759.9778705590969,0.078,8708.78,1
West,Grocery,Partner,15,500.30298984269155,0.286,5455.87,1
North,Toys,Retail,5,757.1430806084586,0.123,3220.97,0
North,Apparel,Online,4,277.16057799417035,0.229,884.69,0
East,Grocery,Retail,21,585.9260771873292,0.116,10948.81,1
East,Home,Retail,6,850.5761165963605,0.04,4834.01,0
East,Home,Retail,13,325.26512443185203,0.259,3107.5,1
East,Toys,Retail,7,484.2079831335135,0.0,3450.58,0
West,Toys,Partner,6,933.0030600059738,0.017,5448.38,0
North,Grocery,Partner,15,786.2833682928672,0.109,10574.88,1
North,Home,Partner,20,871.5574595173306,0.206,14073.4,1
West,Toys,Retail,11,389.8371784548285,0.103,3752.78,1
South,Toys,Partner,4,976.6450492491765,0.02,3964.51,0
North,Apparel,Online,6,166.46298049646046,0.095,893.49,0
East,Apparel,Retail,4,518.0197598876566,0.073,1908.43,0
South,Toys,Retail,22,480.10244700439944,0.002,10708.53,1
North,Electronics,Online,8,786.4949031681291,0.16,5331.24,0
North,Apparel,Online,9,892.2730616144115,0.035,7712.27,0
North,Toys,Retail,2,721.8938018317374,0.086,1335.43,0
North,Grocery,Partner,11,621.7435866850907,0.192,5704.14,0
East,Home,Partner,22,430.3320232145636,0.218,7581.28,1
North,Apparel,Online,10,509.9128803927048,0.079,4818.12,1
South,Home,Partner,16,508.92830069582897,0.099,7194.91,1
West,Toys,Partner,5,39.55373473700256,0.074,181.95,0
North,Home,Partner,4,502.9239726345706,0.287,1440.51,0
East,Electronics,Retail,18,841.7319681671598,0.057,13766.57,1
West,Home,Partner,2,700.9030506965582,0.055,1353.3,0
West,Home,Online,11,783.8802772400046,0.134,7361.78,1
South,Toys,Partner,8,394.8655901777801,0.057,2927.06,0
East,Grocery,Partner,1,527.8143074364398,0.047,493.32,0
West,Grocery,Retail,13,52.14422623721646,0.029,646.81,0
West,Toys,Online,24,387.6780244825698,0.192,7420.43,1
South,Apparel,Retail,2,475.43940309693824,0.184,782.42,0
South,Home,Retail,20,265.00054361511843,0.195,4295.03,1
East,Electronics,Online,13,49.99133983102382,0.232,489.36,0
East,Grocery,Partner,18,682.791784427794,0.098,10825.45,1
South,Grocery,Partner,3,437.6842408148895,0.276,975.47,0
East,Grocery,Online,21,419.0510653877448,0.22,6640.41,1
South,Apparel,Retail,1,259.98728386736855,0.241,197.53,0
West,Apparel,Online,22,536.3171830380965,0.216,9265.61,1
South,Grocery,Partner,16,440.5057100199022,0.108,6324.18,1
West,Home,Partner,9,475.0250941079273,0.085,4032.52,0
West,Toys,Retail,1,577.6364944989267,0.127,509.28,0
North,Home,Retail,15,26.071661350145945,0.029,394.12,0
East,Home,Partner,3,891.3880673968856,0.135,2381.87,0
North,Toys,Retail,15,88.24390106727802,0.013,1276.64,0
North,Grocery,Retail,19,452.88775742335474,0.001,8418.27,1
South,Apparel,Retail,7,219.07796022980617,0.279,1091.96,0
South,Grocery,Online,6,522.8310745950803,0.207,2466.04,0
North,Apparel,Online,6,289.0209044452523,0.169,1447.17,0
West,Home,Online,6,845.6062381400998,0.102,4458.63,0
West,Grocery,Retail,3,400.50544060392343,0.171,973.93,0
West,Grocery,Partner,6,633.2053335376999,0.267,2758.41,0
South,Grocery,Partner,16,258.9245390219638,0.196,3376.64,1
West,Apparel,Online,8,38.629904474256804,0.181,256.91,0
East,Grocery,Retail,19,407.988354188745,0.138,6936.55,1
West,Grocery,Online,20,535.0270299759585,0.104,9359.43,1
East,Grocery,Partner,19,461.16526521128026,0.21,6862.76,1
East,Electronics,Online,13,943.5337892661056,0.294,8981.67,1
East,Toys,Retail,8,698.5656068921872,0.127,4952.94,0
South,Grocery,Online,23,975.8430086003794,0.118,19942.09,1
North,Toys,Online,5,303.2576867014131,0.128,1326.4,0
North,Apparel,Online,12,777.4911484228606,0.128,7859.39,1
West,Toys,Online,11,553.3361288447493,0.297,4413.61,1
North,Electronics,Retail,18,607.2899402705594,0.212,8700.29,1
East,Home,Partner,14,966.4190724246346,0.108,12137.84,1
South,Toys,Online,20,647.8277117610722,0.111,11554.78,1
North,Home,Online,23,882.8642166434412,0.129,17533.49,1
South,Toys,Online,10,716.7202253304772,0.011,6949.24,1
East,Apparel,Online,21,142.29067685576007,0.158,2567.37,1
West,Toys,Retail,5,691.44676190942,0.243,2619.13,0
North,Toys,Partner,22,484.9429651380627,0.198,8237.31,1
West,Toys,Retail,5,902.0460732630487,0.06,4205.39,0
West,Apparel,Online,21,794.5610693028369,0.218,13495.69,1
East,Apparel,Retail,10,119.96930010293622,0.216,931.07,0
West,Apparel,Retail,24,148.55901790741612,0.079,3260.95,1
East,Home,Retail,4,86.82656172666135,0.187,285.16,0
West,Home,Partner,12,493.51507975483275,0.183,4955.19,0
North,Apparel,Online,22,97.54088883905891,0.252,1626.77,1
North,Home,Online,2,714.7312031117062,0.041,1409.24,0
North,Apparel,Partner,7,550.2642381924154,0.058,3516.39,0
West,Apparel,Retail,3,822.4496168510167,0.146,2178.69,0
South,Toys,Online,8,288.6039571244636,0.013,2352.45,0
East,Grocery,Online,10,518.3751527946952,0.125,4542.73,0
West,Apparel,Online,15,132.7804984741226,0.236,1536.85,1
East,Grocery,Retail,7,869.2256025442692,0.045,5677.27,0
West,Home,Partner,4,188.00476379824477,0.138,645.54,0
South,Electronics,Retail,5,118.2677612963888,0.297,405.82,0
West,Apparel,Partner,23,216.84857458225596,0.152,4067.67,1
South,Electronics,Partner,23,793.9822291740622,0.149,16138.5,1
West,Electronics,Online,6,121.5819465772955,0.168,595.24,0
North,Apparel,Retail,5,609.8503950446393,0.056,2899.93,0
West,Home,Retail,2,736.3340485905206,0.044,1385.37,0
West,Toys,Partner,24,741.0379140635563,0.203,14027.86,1
South,Electronics,Partner,17,202.4584511438059,0.119,3007.42,1
South,Grocery,Partner,19,79.15903844250752,0.087,1355.05,1
West,Apparel,Retail,7,450.8541284213289,0.009,3161.95,0
South,Electronics,Online,16,214.38593143476425,0.254,2653.27,1
West,Toys,Retail,2,691.2999766533804,0.01,1360.96,0
North,Toys,Partner,17,362.4250876692042,0.225,4955.76,1
South,Toys,Online,14,451.3797833918068,0.115,5667.67,1
West,Electronics,Partner,8,128.94553577764333,0.18,853.13,0
North,Electronics,Partner,18,564.848275086264,0.074,9216.88,1
West,Apparel,Partner,16,198.103222046631,0.047,2915.06,1
East,Home,Online,11,671.8262344783395,0.16,6382.45,0
East,Grocery,Online,5,88.32206964597795,0.209,351.38,0
West,Apparel,Online,1,956.8588085900705,0.059,894.24,0
South,Electronics,Retail,23,677.1458994423792,0.131,13871.89,1
East,Grocery,Retail,7,194.46038509944913,0.133,1162.3,0
West,Electronics,Online,8,33.53085964338156,0.065,256.5,0
North,Electronics,Partner,17,341.08437651701,0.17,4746.46,1
East,Home,Online,7,166.70073349011912,0.044,1153.12,0
North,Home,Partner,10,229.67487979476414,0.153,1909.24,0
West,Toys,Retail,18,857.8402481003739,0.034,14483.62,1
South,Grocery,Online,15,599.0764736488155,0.146,7795.79,1
North,Grocery,Online,16,189.3993469077435,0.093,2674.43,1
North,Apparel,Online,1,554.3930246599508,0.136,496.22,0
East,Grocery,Retail,11,265.54942728799347,0.13,2572.93,0
West,Toys,Retail,12,957.1528297837656,0.272,8181.65,0
South,Electronics,Partner,16,51.44694105314745,0.147,685.79,0
East,Grocery,Online,4,723.0256852811025,0.246,2254.59,0
South,Electronics,Retail,4,762.0771451437702,0.068,2865.54,0
West,Home,Retail,19,84.47625339939225,0.106,1480.11,1
North,Toys,Retail,17,184.9945896620975,0.023,2976.77,1
North,Apparel,Partner,20,388.93439273979925,0.126,7029.94,1
West,Apparel,Retail,7,853.4286334679051,0.201,4780.88,0
West,Home,Partner,24,535.5199408817593,0.251,9756.21,1
North,Grocery,Retail,7,649.0945760069989,0.17,3732.89,0
East,Apparel,Online,16,771.6923220385689,0.192,9624.58,1
North,Toys,Retail,4,814.9978768040191,0.053,3200.32,0
East,Home,Partner,23,477.23316136033384,0.011,11285.16,1
North,Electronics,Retail,8,508.44141322254205,0.238,3065.87,0
North,Toys,Online,20,709.2856228042682,0.05,13954.97,1
East,Grocery,Retail,8,272.8086643862014,0.027,2067.09,0
South,Home,Retail,19,840.3101469109034,0.281,11162.35,1
West,Electronics,Retail,11,39.95535149680791,0.289,301.82,0
South,Electronics,Partner,2,207.9407381213357,0.185,336.0,0
East,Home,Online,5,788.1919453150431,0.114,3366.63,0
East,Home,Online,17,346.6478834169653,0.25,4382.51,1
West,Home,Online,5,163.8395193846137,0.061,746.97,0
East,Apparel,Partner,7,199.2845654829472,0.129,1237.45,0
West,Home,Online,14,529.5261458586267,0.107,6796.69,1
North,Apparel,Online,7,832.3342681711883,0.274,4293.48,0
East,Toys,Retail,4,87.82468714026618,0.276,248.25,0
North,Toys,Retail,15,49.261672759663426,0.195,607.53,0
East,Toys,Retail,17,466.5614104033694,0.033,7516.1,1
East,Electronics,Online,18,937.9399184514893,0.145,14734.55,1
North,Grocery,Retail,23,287.84941127756133,0.074,6163.67,1
South,Electronics,Retail,3,940.8037175043663,0.265,2052.35,0
East,Grocery,Retail,11,872.1739295264013,0.042,8884.72,0
West,Electronics,Retail,6,291.8096733320107,0.016,1767.98,0
South,Home,Partner,22,804.2701416859009,0.211,14451.54,1
South,Electronics,Online,13,678.4326104660661,0.136,7721.3,1
North,Electronics,Partner,3,511.3494933485669,0.252,1190.11,0
West,Toys,Online,17,425.99949732115977,0.022,7328.64,1
West,Toys,Partner,2,802.8826456884385,0.24,1190.57,0
North,Electronics,Retail,7,781.3562553872204,0.011,5509.39,0
North,Grocery,Online,18,746.6588825048568,0.008,13171.61,1
West,Apparel,Partner,13,978.3257131666841,0.138,10952.17,1
East,Apparel,Online,19,479.3719625037285,0.066,8273.48,1
East,Apparel,Partner,14,794.6460587071192,0.178,9492.13,1
South,Home,Retail,21,847.9792323041394,0.008,17984.68,1
West,Electronics,Retail,14,223.13847819553658,0.011,3031.96,1
West,Home,Partner,2,60.38378437093854,0.218,93.47,0
West,Apparel,Retail,2,408.55846610103646,0.063,760.89,0
South,Electronics,Partner,19,842.467217059305,0.197,13108.06,1
East,Apparel,Partner,1,297.5391499467298,0.225,238.45,0
East,Toys,Partner,10,692.0097479047271,0.018,6698.46,0
West,Toys,Online,1,27.054213501692175,0.231,20.76,0
West,Apparel,Partner,8,361.1498550274282,0.081,2674.97,0
North,Apparel,Retail,15,610.8960269678252,0.117,8022.28,1
West,Toys,Online,5,144.5669024694434,0.026,704.28,0
West,Toys,Retail,12,880.7426356615366,0.252,7656.18,1
South,Grocery,Partner,24,170.02301803239607,0.168,3304.76,1
East,Grocery,Partner,2,893.4018032038349,0.151,1504.99,0
North,Grocery,Partner,2,227.7337363356557,0.291,333.65,0
North,Grocery,Partner,7,974.5075269592072,0.1,6065.41,0
West,Home,Retail,20,600.5587647637673,0.267,8627.96,1
South,Apparel,Retail,10,100.97109866077884,0.216,806.99,0
West,Apparel,Partner,16,82.66614509951346,0.279,987.9,1
South,Apparel,Online,1,91.92482840909001,0.272,66.7,0
West,Toys,Retail,18,586.2970373993138,0.297,7127.35,1
North,Toys,Partner,2,797.1960342342899,0.04,1553.66,0
North,Grocery,Partner,18,406.8442320996855,0.239,5535.08,1
South,Electronics,Online,4,447.04232891058734,0.241,1376.07,0
West,Home,Partner,21,585.7161955180429,0.193,9749.62,1
West,Apparel,Retail,8,531.7189805949015,0.084,3741.33,0
East,Grocery,Retail,5,680.5392637772194,0.29,2385.86,0
West,Apparel,Retail,9,472.9142913565055,0.061,4062.08,1
South,Electronics,Online,1,705.3062576615048,0.15,594.38,0
East,Home,Retail,4,977.4183128447687,0.156,3225.63,0
South,Grocery,Retail,15,356.2859285588143,0.049,5067.78,1
North,Grocery,Partner,8,31.726844398736773,0.217,202.75,0
East,Electronics,Partner,9,140.60004372958858,0.027,1193.75,0
West,Apparel,Partner,20,551.3736175874757,0.208,8867.74,1
North,Electronics,Partner,3,350.48747565886595,0.255,793.83,0
West,Apparel,Partner,10,922.3832899567927,0.105,8169.96,1
East,Home,Online,5,622.3482465030876,0.213,2541.09,0
North,Apparel,Online,12,519.5409785268491,0.047,6129.08,1
North,Electronics,Partner,8,786.117921221138,0.254,4622.55,0
East,Home,Online,2,268.24627620713136,0.286,368.69,0
West,Electronics,Retail,2,806.9489986710653,0.046,1516.05,0
East,Apparel,Partner,21,22.938660669529227,0.208,372.5,1
North,Electronics,Retail,2,614.8902676502889,0.152,1046.8,0
North,Electronics,Partner,19,917.3668650039477,0.159,15149.66,1
North,Home,Online,22,776.3455539525153,0.212,13857.47,1
South,Grocery,Partner,12,839.488824461465,0.147,8459.53,1
South,Toys,Retail,8,401.07650736464046,0.18,2616.03,0
West,Electronics,Online,19,811.2693882561213,0.069,13818.47,1
East,Electronics,Online,24,548.798398429056,0.114,11710.88,1
North,Apparel,Online,3,613.798627043071,0.26,1315.04,0
South,Toys,Retail,24,76.55872576237137,0.033,1839.12,1
South,Toys,Partner,23,213.48962928741645,0.179,4149.66,1
East,Grocery,Online,4,548.9258388930105,0.055,2027.5,0
East,Apparel,Partner,2,76.44901551055774,0.254,115.88,0
East,Electronics,Online,18,731.7889343242047,0.174,10939.44,1
East,Electronics,Retail,2,826.4547281810255,0.121,1487.94,0
North,Electronics,Partner,15,903.5478668430127,0.075,12512.31,1
North,Electronics,Retail,2,117.69772081261368,0.131,199.51,0
West,Grocery,Retail,17,922.1314381018881,0.287,11302.2,1
West,Apparel,Partner,6,84.91520732412319,0.153,417.05,0
South,Grocery,Partner,3,475.0939672907027,0.141,1232.6,0
West,Home,Partner,2,826.6409798026993,0.224,1253.46,0
South,Home,Online,5,87.49869302187716,0.114,393.35,0
South,Home,Partner,13,37.50183006942429,0.128,436.28,0
West,Grocery,Retail,2,43.94980995838466,0.101,76.55,0
East,Electronics,Partner,20,510.81942985859223,0.045,9678.81,1
South,Electronics,Online,15,799.1328748127964,0.214,9597.79,1
North,Home,Retail,8,142.32960422969566,0.262,817.71,0
West,Apparel,Online,24,139.625843916359,0.272,2452.53,1
North,Home,Online,16,565.8049808477999,0.264,6754.52,1
North,Toys,Retail,17,244.92377677944674,0.136,3555.65,1
South,Home,Online,5,721.0051857390789,0.085,3386.2,0
West,Apparel,Online,18,931.6499726496799,0.191,13578.25,1
South,Apparel,Retail,14,755.3920703363965,0.286,7627.61,1
South,Toys,Retail,24,862.0883517237598,0.218,15714.83,1
East,Apparel,Partner,12,518.8026152688035,0.148,5101.9,0
East,Home,Online,17,819.026532048832,0.207,10644.47,1
North,Home,Online,9,195.58705662721508,0.232,1395.58,0
East,Toys,Online,1,85.61397477980229,0.276,63.88,0
West,Toys,Online,4,649.7149857196985,0.229,2053.03,0
West,Home,Online,21,69.8744036077337,0.13,1245.93,1
South,Apparel,Online,18,876.7821623740932,0.082,14517.46,1
South,Apparel,Partner,9,683.8919812231219,0.15,5355.71,0
East,Home,Partner,17,934.1126963925556,0.098,14523.84,1
South,Apparel,Retail,1,321.3311900607062,0.283,223.31,0
East,Toys,Partner,1,486.71197683355604,0.152,425.79,0
North,Apparel,Partner,13,732.0227504433142,0.142,7943.34,1
South,Toys,Retail,15,253.06782604238774,0.104,3311.93,1
South,Toys,Partner,23,540.1748673072002,0.192,10360.66,1
East,Grocery,Online,19,653.088584005259,0.156,10460.04,1
South,Electronics,Partner,7,959.6563082691596,0.039,6389.96,0
East,Toys,Online,20,734.9151624726894,0.261,10908.67,1
North,Electronics,Partner,12,133.40561626791103,0.108,1482.97,0
West,Apparel,Retail,20,476.3201133279779,0.13,8035.77,1
West,Electronics,Retail,5,585.2199516699892,0.062,2801.1,0
East,Electronics,Partner,1,160.75821714977863,0.166,132.3,0
South,Electronics,Online,2,434.6874147018352,0.211,664.92,0
West,Electronics,Online,24,292.6455836823901,0.264,5137.01,1
North,Grocery,Retail,2,134.07444057154493,0.015,265.16,0
West,Electronics,Retail,23,511.56025612491635,0.292,8134.29,1
West,Apparel,Partner,18,179.0077577718516,0.211,2523.0,1
South,Toys,Retail,4,586.9159122422944,0.085,2171.43,0
East,Grocery,Online,21,182.90905495219081,0.061,3628.84,1
North,Grocery,Retail,4,714.6511266587082,0.089,2650.68,0
North,Electronics,Retail,4,207.4319581084836,0.263,627.97,0
West,Grocery,Retail,14,880.4336967451036,0.087,11171.9,1
West,Toys,Partner,7,45.160982286856495,0.139,270.51,0
East,Electronics,Partner,7,521.1174915639065,0.212,2873.72,0
South,Home,Retail,5,327.30057525108504,0.262,1214.15,0
South,Grocery,Online,15,236.0734647436072,0.198,2750.98,1
East,Apparel,Online,1,472.7386679985421,0.226,360.42,0
East,Electronics,Online,6,828.3387548712903,0.052,4587.92,0
East,Grocery,Partner,14,898.6661173055827,0.263,9187.76,1
East,Grocery,Retail,12,311.11867342193193,0.083,3553.19,0
South,Grocery,Retail,17,168.0738772112684,0.039,2764.0,1
South,Grocery,Online,6,711.334829663655,0.293,3000.44,0
East,Grocery,Online,16,578.7187764377487,0.06,8749.84,1
North,Home,Retail,19,212.9755027304575,0.041,3933.12,1
East,Electronics,Partner,10,749.8839565639391,0.188,6057.37,0
West,Toys,Retail,7,518.1732178324555,0.096,3265.28,0
North,Apparel,Retail,14,647.2593915271112,0.04,8839.33,1
North,Home,Online,14,364.9654726048532,0.18,4042.61,1
South,Toys,Online,3,441.533658850281,0.228,1025.87,0
East,Grocery,Retail,14,193.1284144399445,0.238,2068.09,0
East,Apparel,Retail,4,746.2552329395273,0.047,2903.16,0
West,Apparel,Retail,14,170.7308711857202,0.167,2067.94,1
West,Toys,Online,23,767.1704909610189,0.244,13655.18,1
South,Electronics,Online,13,786.0875406892026,0.048,9731.57,1
South,Home,Retail,19,736.7369254929168,0.062,12782.92,1
West,Toys,Online,8,38.64587653639081,0.001,311.04,0
South,Home,Partner,23,282.20788410240664,0.157,5618.06,1
West,Apparel,Retail,20,469.60423308014117,0.058,9153.4,1
North,Grocery,Partner,23,591.722603568124,0.217,10933.66,1
West,Apparel,Retail,18,902.4532153942882,0.289,11262.21,1
East,Toys,Retail,16,380.5817332435542,0.063,5802.71,1
South,Home,Retail,13,860.022386022996,0.195,9273.85,1
East,Electronics,Retail,23,176.8921166113631,0.064,3863.28,1
East,Home,Retail,21,376.4292680082819,0.005,7982.37,1
East,Electronics,Online,11,70.19073038847009,0.228,596.07,0
West,Grocery,Online,3,732.7897194133973,0.13,1933.54,0
East,Toys,Partner,1,164.62664713559644,0.284,115.93,0
East,Apparel,Online,6,266.7392150225195,0.16,1300.14,0
North,Home,Online,2,764.2239221054863,0.047,1494.8,0
South,Toys,Online,6,533.3280487258016,0.135,2866.1,0
East,Apparel,Retail,3,33.41381064172406,0.061,96.81,0
West,Apparel,Partner,24,22.14579655750125,0.263,386.51,1
North,Home,Retail,3,510.23420647030116,0.207,1174.38,0
South,Apparel,Partner,16,312.75729319922704,0.102,4414.66,1
North,Toys,Partner,9,193.09898815537002,0.158,1503.44,0
South,Electronics,Partner,5,609.0501802074665,0.201,2463.49,0
North,Grocery,Online,17,239.29901284873,0.235,3228.27,1
West,Apparel,Retail,24,588.51886369755,0.024,13611.97,1
East,Home,Partner,19,384.09531256282196,0.007,7276.57,1
South,Electronics,Retail,24,199.27636896299813,0.034,4727.22,1
South,Apparel,Online,15,152.58054835399872,0.118,1975.68,1
East,Toys,Partner,17,247.38617900219654,0.14,3751.07,1
North,Apparel,Partner,4,48.63882369246568,0.041,187.96,0
East,Electronics,Partner,21,315.8018835548177,0.123,5587.15,1
North,Home,Retail,18,885.8765025745224,0.132,13315.15,1
South,Electronics,Partner,7,818.1076408477071,0.033,5707.1,0
East,Apparel,Retail,9,377.12360645087256,0.275,2489.33,0
West,Home,Online,15,572.8002738385317,0.18,7193.72,1
East,Home,Partner,1,564.6661366534961,0.117,509.93,0
North,Toys,Online,20,815.5880376259638,0.152,13744.35,1
South,Toys,Partner,7,246.83849745628697,0.094,1602.85,0
East,Grocery,Online,2,304.53198924129185,0.256,469.0,0
West,Electronics,Retail,8,309.71401639578704,0.173,1995.33,0
South,Apparel,Retail,21,59.23519018080736,0.148,1082.23,1
West,Electronics,Online,7,322.1003487576245,0.273,1613.96,0
East,Electronics,Partner,13,862.7972255244866,0.251,8281.08,1
West,Apparel,Online,20,895.5081416686218,0.244,13445.58,1
North,Home,Partner,1,125.24993193780837,0.068,120.13,0
North,Grocery,Online,19,459.73619995369415,0.046,8014.55,1
West,Toys,Retail,7,386.09494552413355,0.207,2131.88,0
South,Toys,Retail,17,489.78482875845236,0.141,7255.35,1
North,Toys,Online,5,552.5307430963301,0.205,2127.86,0
West,Electronics,Partner,4,39.448409617036226,0.228,124.66,0
South,Grocery,Partner,19,828.5525580043143,0.089,14848.42,1
South,Grocery,Retail,20,954.7175102464049,0.085,16899.58,1
West,Electronics,Online,24,647.2686195234966,0.147,12882.98,1
East,Home,Partner,17,654.0341489536345,0.082,10593.98,1
North,Grocery,Online,12,526.8606635174801,0.2,4935.61,1
North,Home,Retail,5,340.9024752458065,0.224,1278.15,0
East,Grocery,Online,8,163.01871121234026,0.142,1159.44,0
North,Grocery,Retail,16,580.7008089882086,0.217,7503.53,1
South,Home,Retail,9,63.143747368838774,0.153,487.34,0
East,Electronics,Online,12,811.5224649841989,0.214,7685.77,1
North,Apparel,Retail,5,424.0752314917909,0.067,2044.66,0
East,Apparel,Online,11,418.16405519549585,0.222,3623.17,0
North,Home,Online,6,334.0840241368695,0.215,1593.48,0
West,Home,Online,3,950.5797331506429,0.08,2695.74,0
East,Home,Online,4,187.92027465989008,0.167,633.83,0
South,Electronics,Retail,13,165.25550861620272,0.257,1596.67,0
East,Apparel,Partner,9,178.91024148322896,0.075,1476.29,0
North,Toys,Partner,3,652.1863835367335,0.221,1524.54,0
East,Electronics,Partner,13,972.2195059804144,0.286,9040.37,1
South,Apparel,Partner,4,246.05616358568452,0.26,720.22,0
North,Grocery,Online,1,889.3927011847883,0.12,779.42,0
South,Electronics,Partner,4,287.4718968398455,0.182,963.32,0
West,Home,Online,11,641.9839233202881,0.298,4924.29,0
West,Apparel,Retail,23,58.87899385603301,0.171,1080.04,1
North,Electronics,Partner,6,495.8278155931414,0.035,2821.01,0
South,Home,Retail,7,648.3871676278225,0.014,4379.13,0
South,Home,Partner,6,534.8669861337235,0.237,2506.13,0
East,Electronics,Online,9,248.3219694865195,0.127,1943.15,0
North,Electronics,Partner,18,815.3570703371989,0.074,13351.52,1
East,Electronics,Online,8,951.3310507887106,0.104,6988.64,1
West,Toys,Online,16,460.8282518643827,0.227,5480.3,1
South,Grocery,Retail,22,630.4824945816836,0.14,11617.87,1
West,Electronics,Partner,23,778.7967376117497,0.261,13583.45,1
South,Apparel,Retail,14,251.82949819692223,0.22,2761.12,0
West,Apparel,Online,18,849.872366651634,0.292,11067.88,1
East,Apparel,Online,23,288.99286909759763,0.267,5003.94,1
West,Apparel,Online,19,764.7975713746292,0.076,13901.52,1
North,Electronics,Retail,8,127.61526312936518,0.198,790.18,0
South,Home,Online,4,296.85123527760294,0.006,1208.53,0
North,Apparel,Online,3,532.275136582273,0.297,1141.32,0
South,Apparel,Retail,22,523.9252118761426,0.078,10378.22,1
South,Apparel,Retail,14,836.4139371069116,0.199,9703.48,1
South,Grocery,Partner,8,976.282167333063,0.255,5774.05,0
North,Toys,Retail,9,122.922412025735,0.048,1085.86,0
West,Home,Retail,7,280.53260751203555,0.254,1477.26,0
West,Apparel,Online,20,363.2942818141528,0.004,7252.31,1
East,Grocery,Retail,15,479.7616714976049,0.133,6069.35,1
West,Grocery,Online,22,494.1533534282231,0.142,9636.81,1
South,Electronics,Retail,8,841.94726062248,0.112,6008.31,0
West,Grocery,Online,12,759.7369306736957,0.176,7215.45,1
East,Toys,Partner,3,38.09751587643518,0.274,79.78,0
North,Electronics,Online,24,456.82089015986037,0.098,10108.91,1
South,Toys,Partner,13,613.3508847143253,0.174,6408.04,1
South,Electronics,Partner,14,461.9797636093025,0.263,4804.36,1
West,Electronics,Retail,10,145.41944578467422,0.232,1133.0,0
West,Electronics,Online,7,401.57512034302226,0.012,2728.27,0
North,Home,Retail,23,415.1894673245466,0.283,6884.86,1
East,Toys,Online,12,200.20728555176842,0.014,2319.63,0
West,Home,Retail,17,746.0548298921153,0.177,10810.75,1
East,Electronics,Partner,1,328.5446529367777,0.173,279.54,0
South,Electronics,Retail,7,585.4277989458716,0.236,3077.78,0
North,Grocery,Online,20,515.1009737204168,0.045,9861.11,1
South,Grocery,Retail,3,862.3299960477332,0.054,2447.42,0
South,Toys,Partner,3,137.13433458832466,0.226,330.14,0
South,Electronics,Partner,20,129.69248792332172,0.045,2456.13,1
East,Grocery,Partner,8,308.30688235809515,0.141,2129.23,0
South,Toys,Online,7,433.9663694008016,0.219,2453.86,0
East,Home,Retail,14,306.60055880205397,0.195,3362.18,1
West,Electronics,Partner,5,752.659599099434,0.063,3540.45,0
North,Grocery,Online,2,255.45520938492768,0.091,449.77,0
West,Home,Partner,1,101.38375306135494,0.291,72.56,0
East,Electronics,Partner,2,417.24781748878166,0.135,714.08,0
East,Apparel,Online,4,762.4441166129446,0.013,3122.74,0
South,Home,Partner,17,836.5394658432716,0.066,13192.69,1
West,Electronics,Partner,8,724.0110544288168,0.103,5044.29,0
West,Apparel,Online,2,555.5712113597543,0.3,798.58,0
South,Home,Retail,1,715.2240336792096,0.091,666.83,0
East,Grocery,Retail,12,674.1339538917069,0.008,8149.99,1
South,Electronics,Online,21,244.9919671952584,0.154,4439.16,1
South,Home,Online,9,548.728536515066,0.025,4724.46,0
North,Grocery,Retail,2,759.7849593328947,0.082,1410.82,0
East,Grocery,Retail,6,324.4358354001327,0.298,1316.02,0
East,Grocery,Partner,12,647.8142208482542,0.211,5984.77,1
West,Electronics,Partner,5,482.22121041804655,0.015,2457.07,0
North,Grocery,Retail,24,503.0324969072192,0.135,10642.82,1
East,Grocery,Online,19,106.45283627087335,0.051,1878.09,1
West,Apparel,Retail,9,659.5684786931646,0.037,5538.76,0
East,Home,Partner,23,851.0595539403392,0.176,16708.54,1
North,Home,Partner,8,155.7740365048283,0.152,1023.98,0
East,Home,Partner,4,371.46143572779135,0.223,1132.07,0
North,Apparel,Online,23,66.72075664720161,0.268,1094.79,1
East,Grocery,Online,24,48.44661053733546,0.074,1034.25,1
East,Grocery,Partner,8,970.072156804874,0.277,5527.47,0
East,Apparel,Online,15,493.73264797412924,0.155,6495.46,1
South,Grocery,Online,5,361.2982578898365,0.078,1644.52,0
East,Apparel,Partner,16,283.88199356001815,0.254,3389.58,1
West,Toys,Online,17,960.8121391471607,0.011,16471.96,1
North,Home,Partner,18,262.16075410081635,0.168,3942.16,1
North,Home,Online,14,716.6800599082335,0.216,8019.57,1
North,Electronics,Partner,17,292.40777197369647,0.084,4612.25,1
South,Toys,Retail,14,87.66992514264234,0.259,917.39,0
West,Apparel,Retail,20,675.9455499372236,0.072,12695.74,1
South,Apparel,Retail,5,21.56561372467028,0.252,82.59,0
West,Electronics,Online,12,668.7185710981466,0.024,7963.73,1
South,Grocery,Partner,10,260.3615350302302,0.048,2536.5,0
North,Electronics,Retail,13,736.2600627886412,0.114,8239.81,1
North,Toys,Retail,4,758.9601606566234,0.256,2290.77,0
South,Grocery,Partner,8,715.1429492648364,0.043,5578.95,0
South,Electronics,Partner,23,43.504103808905974,0.263,725.64,1
South,Home,Online,3,695.5871548580177,0.069,2000.99,0
North,Home,Online,16,970.5397894935327,0.136,13207.13,1
East,Apparel,Online,16,252.92035378459798,0.106,3543.63,1
West,Toys,Retail,12,283.269029336325,0.035,3376.59,1
East,Home,Retail,1,800.985487597318,0.283,562.68,0
South,Home,Partner,1,173.98093285383734,0.131,150.17,0
East,Home,Online,7,654.1603284843695,0.207,3592.88,0
East,Grocery,Partner,3,744.8253224005553,0.173,1906.76,0
East,Toys,Partner,3,55.67423534658289,0.151,141.29,0
North,Apparel,Retail,4,551.6116104946171,0.185,1826.21,0
North,Grocery,Retail,5,572.8421681944476,0.27,2140.06,0
South,Grocery,Partner,21,311.30518149612243,0.21,5217.4,1
West,Grocery,Retail,16,861.2908826216166,0.16,11986.64,1
West,Toys,Online,1,176.23973052786212,0.194,145.49,0
East,Apparel,Partner,16,369.6269211256261,0.182,4799.06,1
East,Toys,Partner,4,834.7219396614362,0.13,3009.59,0
West,Apparel,Partner,11,203.0170463417528,0.187,1819.15,0
South,Apparel,Retail,1,808.519170874568,0.133,674.21,0
North,Home,Retail,3,95.90641027323748,0.227,218.14,0
South,Grocery,Retail,4,489.6599045023904,0.291,1402.2,0
East,Home,Retail,11,92.31743594787528,0.288,703.18,0
East,Apparel,Retail,12,670.7874416590537,0.246,6110.1,1
South,Home,Partner,9,778.9774294933762,0.181,5678.27,0
East,Apparel,Retail,15,835.8642063169307,0.225,9743.65,1
East,Toys,Partner,18,962.0117607142292,0.053,15744.97,1
West,Apparel,Online,18,665.1350934076033,0.144,10534.06,1
South,Home,Online,14,758.2994372864196,0.077,9690.51,1
North,Apparel,Retail,14,505.52794718847616,0.001,6866.78,1
East,Apparel,Retail,12,896.2274251338811,0.29,7597.93,0
South,Grocery,Online,6,638.008046911484,0.259,2833.45,0
South,Apparel,Retail,12,868.2093500012897,0.154,8910.95,1
South,Electronics,Partner,1,246.0339363333256,0.076,227.78,0
South,Apparel,Retail,24,496.86826948934174,0.208,9099.58,1
East,Home,Retail,9,720.6261642212518,0.13,5810.2,0
South,Electronics,Partner,19,214.61288438017593,0.241,3084.16,1
West,Apparel,Online,23,222.88620153149913,0.3,3467.03,1
South,Electronics,Retail,12,958.9210307894119,0.105,10523.6,1
North,Home,Partner,21,437.2259463077178,0.073,8620.53,1
South,Toys,Retail,12,194.5428348068208,0.08,2173.43,0
North,Grocery,Partner,4,338.20532670224577,0.028,1307.25,0
North,Apparel,Partner,1,401.4811023352886,0.118,351.57,0
North,Grocery,Partner,4,618.1618471714123,0.005,2467.44,0
South,Apparel,Partner,23,906.0940726858424,0.034,19407.82,1
North,Toys,Retail,12,967.1264728852074,0.082,10482.52,1
East,Home,Partner,8,645.630808554668,0.048,5109.05,0
South,Toys,Retail,11,691.9254663658157,0.22,6013.75,1
North,Toys,Online,7,328.95600290872545,0.032,2214.55,0
West,Home,Retail,21,842.8722516307992,0.26,12807.31,1
North,Apparel,Online,24,229.0864018115023,0.066,5235.94,1
South,Home,Partner,3,122.12542333852888,0.033,347.49,0
South,Grocery,Online,18,954.3257504937449,0.003,16663.74,1
South,Grocery,Retail,9,849.5731297477109,0.215,5836.34,0
West,Grocery,Retail,2,311.49932915660804,0.077,585.57,0
South,Electronics,Partner,23,668.1638877258072,0.153,13165.21,1
West,Home,Online,2,468.3376231166715,0.033,874.59,0
North,Electronics,Online,5,330.20307789965204,0.296,1126.52,0
North,Toys,Online,1,295.30324232988306,0.038,287.12,0
East,Grocery,Retail,12,150.5863474120702,0.124,1591.97,0
West,Electronics,Online,15,547.3453589848057,0.255,6207.6,1
East,Toys,Online,8,448.7328225128075,0.073,3242.09,0
East,Grocery,Partner,2,511.69896348794657,0.08,958.59,0
West,Grocery,Online,3,226.7428807802283,0.243,532.9,0
West,Apparel,Partner,23,921.0662439423178,0.082,19604.61,1
East,Electronics,Partner,20,633.0475484773199,0.001,12340.82,1
West,Grocery,Retail,23,883.6166310880034,0.128,17976.36,1
North,Grocery,Online,13,124.90031939144522,0.004,1596.91,0
East,Home,Online,14,617.9369272219278,0.273,6062.59,1
West,Grocery,Retail,19,835.4833458983946,0.193,12607.9,1
West,Electronics,Retail,15,337.683948621888,0.175,4314.43,1
North,Toys,Partner,11,207.33744237054694,0.06,2128.63,0
West,Electronics,Online,8,274.42045357339487,0.21,1784.93,0
North,Grocery,Retail,12,282.016377679807,0.203,2699.07,0
West,Toys,Retail,2,449.31100632659377,0.018,883.65,0
West,Grocery,Retail,5,332.9250586681583,0.264,1176.67,0
West,Home,Retail,18,280.42310979967164,0.174,4215.06,1
East,Electronics,Retail,21,642.5718064689324,0.238,9959.82,1
North,Electronics,Partner,3,70.91107680500909,0.079,195.59,0
East,Apparel,Partner,3,346.74922701414073,0.037,982.55,0
West,Toys,Online,3,682.1618873028558,0.211,1600.78,0
South,Electronics,Online,19,188.8157593097657,0.238,2741.78,1
South,Grocery,Partner,8,232.0907477243959,0.116,1577.59,0
North,Apparel,Partner,8,212.63996039640077,0.007,1660.1,0
South,Home,Retail,1,20.889062462148722,0.245,16.39,0
South,Apparel,Partner,24,474.8170417583098,0.062,10310.6,1
West,Home,Retail,11,57.40043783947826,0.102,558.81,0
South,Home,Retail,20,282.02221930390414,0.188,4514.61,1
West,Electronics,Online,17,975.0112876082927,0.03,15922.8,1
West,Home,Partner,4,901.6603629346878,0.022,3579.44,0
North,Toys,Retail,20,226.47277583008082,0.008,4402.54,1
South,Grocery,Retail,14,317.6023346373754,0.275,3213.42,0
South,Apparel,Retail,15,465.15639897780943,0.093,6401.79,1
West,Grocery,Online,5,830.6370047928738,0.198,3283.51,0
North,Grocery,Partner,21,790.5401037373674,0.297,12089.74,1
East,Grocery,Retail,23,141.1917791036309,0.201,2694.25,1
South,Apparel,Retail,10,139.47089441441804,0.158,1138.61,0
North,Grocery,Retail,3,420.06296373828286,0.156,1050.31,0
North,Home,Retail,21,855.2915740292212,0.113,15559.32,1
South,Electronics,Retail,22,866.8015991316822,0.18,15245.28,1
North,Apparel,Online,13,123.07121569906897,0.288,1138.33,0
East,Toys,Online,14,571.3253964469295,0.236,6142.1,1
West,Electronics,Online,6,169.44818924010838,0.127,882.29,0
East,Home,Partner,2,678.6841376026714,0.1,1199.4,0
North,Toys,Online,23,899.7759180117502,0.265,14941.33,1
East,Electronics,Retail,12,456.57852077656986,0.041,5461.17,1
East,Home,Online,7,99.75946370436944,0.255,537.88,0
North,Apparel,Retail,17,576.0840280587637,0.077,8732.65,1
North,Home,Partner,1,412.1760033304205,0.215,327.61,0
North,Apparel,Retail,2,798.4628022406018,0.242,1206.29,0
South,Grocery,Retail,6,346.7306853693322,0.143,1809.82,0
South,Electronics,Partner,11,859.9013124536857,0.058,8979.41,1
East,Grocery,Online,9,282.7523913293935,0.253,1960.14,0
South,Toys,Retail,5,171.2169304531385,0.11,735.52,0
North,Grocery,Partner,9,314.22116222583674,0.096,2525.74,0
North,Grocery,Retail,9,53.51916014983665,0.153,423.82,0
East,Electronics,Partner,13,289.99612819927165,0.131,3192.82,1
North,Grocery,Partner,14,653.7129285267495,0.205,7058.91,1
North,Home,Online,22,156.59165941432863,0.041,3364.29,1
North,Grocery,Online,20,126.91037387512445,0.131,2254.66,1
East,Grocery,Online,8,147.08987960417636,0.268,873.23,0
North,Home,Online,22,94.44960729100771,0.011,2100.44,1
South,Apparel,Retail,13,859.649995369222,0.137,9793.88,1
North,Electronics,Retail,5,926.350510876667,0.198,3606.43,0
East,Electronics,Retail,9,64.69870565963483,0.266,431.1,0
South,Apparel,Partner,18,749.6689102817986,0.178,11337.79,1
South,Grocery,Retail,20,727.6656768485099,0.247,11279.09,1
East,Home,Online,9,977.0330476256388,0.067,8037.59,0
South,Home,Partner,4,353.9558352522254,0.106,1228.02,0
West,Apparel,Partner,5,294.0886320227996,0.283,1078.02,0
North,Home,Retail,3,454.95883597743415,0.266,982.31,0
West,Toys,Retail,17,842.3121700632229,0.167,11481.33,1
South,Grocery,Partner,13,719.4498968363829,0.143,8223.93,1
South,Toys,Retail,11,472.75886140880266,0.135,4500.46,0
South,Toys,Retail,17,254.78032955443825,0.018,4194.31,1
South,Grocery,Partner,20,717.9351116176363,0.268,10099.76,1
South,Home,Partner,20,840.3457933205083,0.245,12217.51,1
East,Grocery,Partner,4,403.9531818247912,0.137,1427.09,0
West,Apparel,Partner,15,661.8420279881449,0.084,9086.22,1
North,Electronics,Retail,22,404.20354032953423,0.103,7753.03,1
North,Home,Retail,19,479.3537006158254,0.037,8671.45,1
East,Electronics,Retail,8,523.9139647567171,0.217,3193.93,0
East,Electronics,Retail,10,764.6967814613868,0.167,6172.65,0
North,Grocery,Partner,22,958.4057447637738,0.07,19258.07,1
North,Toys,Retail,1,446.5915161327031,0.187,364.52,0
East,Apparel,Online,13,348.62240599770166,0.294,3125.43,1
East,Grocery,Partner,3,378.6473662134956,0.037,1080.23,0
East,Electronics,Partner,22,148.53350660017438,0.138,2811.82,1
North,Apparel,Retail,1,305.06118830501384,0.148,258.25,0
East,Toys,Online,1,102.98951673805398,0.05,94.93,0
North,Apparel,Online,8,430.77849265207726,0.159,2791.36,0
West,Toys,Partner,5,180.66297853860692,0.182,711.45,0
West,Grocery,Online,12,352.55047613543235,0.047,3983.44,0
North,Electronics,Retail,8,781.8346394159421,0.046,6071.41,0
North,Electronics,Partner,9,256.09054456557055,0.257,1661.96,0
North,Grocery,Partner,14,607.4188364883862,0.093,7890.08,1
South,Home,Online,14,885.1341624786684,0.189,10223.21,1
South,Home,Retail,23,564.252019548365,0.188,10119.78,1
South,Home,Online,12,206.04090826151617,0.252,1779.4,0
North,Home,Partner,14,350.97554620731614,0.222,3729.56,1
West,Toys,Partner,17,586.7544388967034,0.252,7196.22,1
East,Home,Online,5,506.34669416945934,0.188,2060.92,0
North,Electronics,Retail,17,162.67504282582763,0.135,2304.03,1
East,Toys,Online,21,448.9244909029462,0.118,8516.3,1
South,Toys,Partner,8,541.3440271138385,0.114,3834.89,0
South,Electronics,Partner,5,276.63940587926953,0.126,1230.96,0
East,Apparel,Retail,9,607.9476947262579,0.039,5363.6,0
South,Toys,Retail,7,87.35369550580145,0.127,534.11,0
East,Toys,Online,15,343.14275222289615,0.117,4699.59,1
North,Electronics,Retail,21,792.1057594664715,0.01,17113.74,1
East,Electronics,Partner,15,268.91340887182923,0.083,3657.24,1
West,Home,Retail,4,600.9697760029551,0.226,1804.91,0
North,Home,Online,8,413.62852516189946,0.173,2706.63,0
North,Grocery,Partner,17,323.8017367186369,0.242,4080.16,1
West,Home,Partner,8,899.4864203936257,0.163,6037.9,0
South,Grocery,Partner,15,349.5312493571682,0.256,3862.82,1
South,Apparel,Retail,17,247.2088654275376,0.239,3193.14,1
East,Home,Partner,8,892.9292630146597,0.029,7082.32,0
North,Electronics,Online,16,736.1065816983822,0.293,8176.3,1
North,Home,Retail,10,674.5277251502695,0.004,6738.44,0
West,Electronics,Online,4,67.55354438420078,0.179,218.92,0
North,Home,Online,9,145.95676228714478,0.238,1023.79,0
South,Apparel,Online,11,632.8063652572763,0.1,6334.72,1
South,Electronics,Retail,1,221.0555230652098,0.18,174.14,0
South,Electronics,Online,22,236.61246620514473,0.109,4697.46,1
North,Home,Online,13,767.9729747298662,0.018,9545.25,1
West,Grocery,Retail,1,294.4879508834649,0.003,298.88,0
South,Electronics,Partner,21,88.72381006583936,0.028,1820.79,1
West,Home,Retail,21,54.97466941746666,0.03,1111.01,1
North,Apparel,Partner,1,445.4508677554763,0.183,369.58,0
West,Grocery,Retail,4,612.4434345772602,0.158,2121.55,0
West,Home,Partner,9,854.1298240561308,0.137,6781.96,0
East,Grocery,Online,13,126.3722192313337,0.208,1305.85,0
South,Apparel,Retail,18,208.80591323676444,0.005,3806.34,1
East,Electronics,Retail,11,528.6085864711722,0.081,5306.9,1
East,Home,Partner,15,369.5440277522961,0.233,4349.91,1
South,Toys,Partner,1,483.2359531956748,0.273,360.56,0
North,Grocery,Retail,16,907.1596630248469,0.132,12233.07,1
West,Grocery,Online,22,543.0959877100997,0.024,11416.96,1
North,Grocery,Online,13,418.5157861875929,0.24,4058.85,1
West,Toys,Retail,11,969.862310431755,0.266,7621.48,1
East,Apparel,Online,8,82.60704310355486,0.124,573.93,0
North,Home,Partner,23,914.828910436325,0.073,19026.07,1
East,Electronics,Partner,1,501.59536838286374,0.013,498.86,0
North,Home,Partner,7,503.6060842564526,0.177,2808.81,0
South,Apparel,Retail,4,905.0857608350808,0.273,2583.54,0
South,Electronics,Retail,21,507.03102040934675,0.203,8598.55,1
West,Apparel,Online,12,440.8708069089429,0.095,4749.0,0
South,Home,Retail,23,281.58904843251105,0.193,5193.74,1
North,Apparel,Online,16,652.4640961447241,0.25,8016.18,1
West,Grocery,Retail,14,566.8592873405711,0.143,7064.8,1
East,Home,Retail,13,225.77161946987175,0.246,2224.53,0
West,Grocery,Retail,5,701.0363984588718,0.118,2987.46,0
North,Toys,Retail,14,638.3233830431749,0.105,7744.11,1
South,Electronics,Partner,17,401.4405288382792,0.175,5841.22,1
East,Apparel,Retail,24,24.224885027408547,0.139,507.76,1
North,Toys,Partner,14,448.7179041691402,0.293,4531.12,0
South,Home,Retail,23,25.81579244504166,0.155,508.78,1
South,Apparel,Retail,23,91.99854972707826,0.116,1822.57,1
West,Home,Online,13,433.38550638160075,0.118,4948.67,1
East,Grocery,Partner,11,98.64308881791459,0.164,928.75,0
West,Apparel,Retail,4,284.6388164356796,0.106,1047.7,0
South,Electronics,Retail,7,649.2717138166097,0.217,3483.88,0
South,Apparel,Partner,22,316.2707289050423,0.114,6212.08,1
North,Grocery,Online,4,977.74265035665,0.115,3366.26,0
East,Toys,Online,10,899.6499525583819,0.185,7600.96,1
East,Grocery,Partner,17,581.8975084021027,0.018,9521.63,1
West,Grocery,Partner,6,948.2692530895332,0.197,4651.6,0
North,Electronics,Online,24,853.2966026552211,0.151,17012.77,1
East,Apparel,Online,16,326.14257808686756,0.136,4550.45,1
North,Electronics,Retail,1,739.612396145897,0.216,587.24,0
North,Electronics,Retail,6,151.35851264378945,0.227,692.37,0
East,Grocery,Online,18,677.1693674035914,0.254,9324.96,1
East,Grocery,Retail,21,491.4385534347972,0.112,9446.88,1
West,Electronics,Partner,23,36.15290168271173,0.098,771.33,1
North,Toys,Partner,21,283.2606294947559,0.214,4612.21,1
South,Home,Retail,2,937.1669287080786,0.175,1576.55,0
West,Electronics,Online,18,323.19822568494146,0.19,4734.66,1
West,Grocery,Retail,3,194.19627708938305,0.167,488.89,0
South,Grocery,Online,2,200.03018870932,0.232,306.69,0
West,Home,Retail,17,480.04473405627107,0.057,7757.32,1
West,Toys,Online,12,828.9432710437135,0.167,8044.6,1
West,Apparel,Online,16,747.6816945280126,0.047,11317.51,1
East,Toys,Online,21,439.37792723626336,0.122,7892.35,1
West,Home,Online,2,220.37780809948214,0.199,346.83,0
North,Grocery,Retail,13,64.22230409810346,0.148,690.15,0
South,Electronics,Partner,21,464.1251067034218,0.114,8436.89,1
North,Electronics,Partner,11,802.184334577464,0.265,6631.94,0
South,Grocery,Partner,13,720.4947138505412,0.232,7222.1,1
North,Apparel,Online,12,412.25673692216026,0.158,4006.7,1
East,Apparel,Partner,22,590.9145650408963,0.285,9509.63,1
West,Toys,Online,2,438.79666010836894,0.127,791.24,0
South,Electronics,Partner,22,575.8554653985707,0.236,9973.55,1
East,Home,Retail,20,516.8050346178072,0.05,10073.04,1
South,Apparel,Retail,20,673.7279361201527,0.086,12800.71,1
North,Electronics,Online,10,507.400489791799,0.101,4593.06,1
West,Grocery,Online,13,922.9865582408562,0.032,12044.69,1
South,Electronics,Partner,9,430.9070543184188,0.151,3410.79,0
South,Electronics,Retail,7,35.279650918122485,0.058,229.16,0
East,Toys,Partner,22,246.91859399262515,0.19,4528.02,1
East,Grocery,Retail,13,500.5825837823897,0.057,6280.23,1
North,Electronics,Online,18,538.9489778131154,0.037,9548.27,1
South,Toys,Partner,3,550.2893977395713,0.291,1207.57,0
East,Home,Online,19,705.9700143392788,0.197,10671.19,1
North,Grocery,Partner,16,283.6622169128268,0.281,3237.16,1
East,Electronics,Partner,24,658.307531879818,0.147,13627.87,1
North,Grocery,Partner,4,695.8709821944443,0.01,2808.07,0
North,Toys,Online,13,414.82952251599323,0.172,4600.87,1
East,Grocery,Online,13,406.08233518046916,0.167,4529.69,1
North,Apparel,Retail,13,191.76779423019178,0.004,2526.98,0
South,Grocery,Online,2,417.42788120515877,0.258,642.11,0
South,Toys,Partner,12,775.3436400387319,0.186,7378.84,1
East,Electronics,Online,8,892.6140853278886,0.223,5748.39,0
East,Grocery,Online,15,589.8686636652468,0.148,7275.69,1
East,Toys,Retail,6,307.39552962012687,0.186,1508.0,0
West,Apparel,Online,11,674.9981299133422,0.077,6628.58,1
East,Home,Retail,15,730.5403603481637,0.292,7800.54,1
South,Apparel,Partner,2,338.92426762943586,0.12,591.26,0
South,Home,Online,19,813.4859470299649,0.049,14206.89,1
South,Grocery,Retail,18,90.74799885280648,0.017,1624.72,1
East,Grocery,Retail,2,30.323568896024504,0.191,49.97,0
East,Apparel,Partner,2,138.05194172677048,0.295,189.58,0
South,Grocery,Partner,21,169.76801391440932,0.269,2646.65,1
West,Home,Partner,7,863.7718716298125,0.211,4648.12,0
North,Toys,Retail,21,427.9824341324296,0.297,6135.02,1
South,Toys,Retail,12,283.9344242915664,0.217,2592.59,0
East,Home,Retail,9,431.9121113473466,0.102,3518.38,0
East,Home,Partner,7,399.047256992607,0.18,2341.62,0
East,Home,Partner,16,309.40320126849633,0.024,4869.09,1
East,Grocery,Partner,3,152.3835991154867,0.067,437.08,0
East,Apparel,Retail,10,649.6788434949254,0.125,5726.29,0
South,Apparel,Retail,9,151.14022666846915,0.061,1307.67,0
North,Apparel,Partner,4,764.4074745657674,0.286,2266.37,0
South,Electronics,Partner,9,213.62049274923547,0.299,1335.98,0
South,Apparel,Partner,13,722.1164548479792,0.111,8111.79,1
South,Electronics,Retail,17,793.3626614676483,0.213,10304.8,1
East,Electronics,Retail,3,140.3129693834727,0.122,372.47,0
West,Toys,Retail,21,103.27593755648391,0.042,2085.53,1
South,Electronics,Partner,22,931.5898598275135,0.101,17959.55,1
East,Home,Partner,17,464.5249344824775,0.07,7568.64,1
East,Toys,Online,23,625.0260751740689,0.098,13440.6,1
North,Toys,Retail,11,42.330022516897046,0.065,426.77,0
South,Home,Partner,20,287.5617733340863,0.034,5425.42,1
South,Electronics,Retail,18,505.18174837701076,0.065,8307.63,1
South,Grocery,Partner,14,870.7695808538277,0.272,8794.95,1
East,Grocery,Partner,5,280.58184086180125,0.026,1405.05,0
South,Toys,Partner,14,764.1836670643708,0.097,9734.97,1
South,Electronics,Partner,22,655.7244111283537,0.159,11712.49,1
North,Electronics,Online,24,130.65993709351517,0.106,2797.38,1
South,Apparel,Online,11,301.64016588031666,0.155,2711.86,0
South,Electronics,Retail,6,248.34947498107496,0.013,1459.69,0
West,Grocery,Partner,18,444.82648407035407,0.195,6395.79,1
East,Apparel,Partner,2,629.9208733256809,0.169,1059.35,0
West,Apparel,Retail,4,436.0829652881664,0.204,1393.98,0
East,Grocery,Partner,14,254.75511272173375,0.17,3049.0,0
East,Grocery,Retail,24,688.0436174991444,0.131,13794.53,1
East,Apparel,Online,8,581.0922509230303,0.105,4251.82,0
North,Apparel,Retail,11,518.5413511190643,0.068,5113.08,0
North,Home,Online,8,552.2428135481392,0.15,3696.46,0
North,Toys,Online,11,233.0246204420706,0.008,2620.0,0
North,Grocery,Online,1,673.213818648758,0.098,616.49,0
North,Grocery,Partner,15,392.00051411721756,0.203,4563.39,1
North,Grocery,Partner,15,368.9291069408188,0.033,5347.37,1
East,Electronics,Online,8,163.7448399360997,0.019,1307.88,0
South,Apparel,Partner,7,592.9638411684285,0.196,3453.96,0
West,Home,Online,19,598.5578341246463,0.119,10126.92,1
East,Electronics,Retail,5,346.6886179198672,0.241,1265.65,0
South,Apparel,Retail,2,845.4560545909127,0.281,1215.74,0
North,Electronics,Retail,1,831.6395827668111,0.287,576.5,0
East,Grocery,Partner,22,124.69213422313405,0.128,2305.55,1
East,Electronics,Online,9,687.2368522975215,0.079,5741.4,0
East,Electronics,Online,3,398.0813659376214,0.183,997.31,0
West,Electronics,Online,22,979.7262570203771,0.188,16852.25,1
East,Electronics,Partner,4,236.0226844972663,0.187,784.96,0
North,Home,Online,9,289.3032371979098,0.097,2389.99,0
North,Apparel,Retail,1,444.4220427734984,0.019,444.77,0
South,Grocery,Retail,17,277.96654273343665,0.063,4337.31,1
North,Apparel,Online,17,684.3136317310536,0.046,11003.73,1
North,Home,Online,19,481.67178769422134,0.037,8545.05,1
North,Toys,Partner,7,232.04368145555858,0.278,1148.25,0
East,Toys,Online,8,506.1191067071001,0.004,3969.13,0
East,Toys,Partner,23,873.2362557104369,0.181,16211.54,1
North,Apparel,Online,20,780.6998209760507,0.284,10888.99,1
East,Home,Online,1,498.8757674497482,0.108,433.92,0
East,Grocery,Online,17,296.9528990162698,0.158,4387.1,1
East,Grocery,Online,20,192.69100611442667,0.209,3117.6,1
South,Toys,Partner,14,863.2475620994196,0.095,10801.27,1
West,Toys,Retail,16,701.7602628787484,0.143,9967.13,1
North,Grocery,Online,1,569.2767710215601,0.245,420.83,0
West,Toys,Retail,1,864.2572601155216,0.224,665.66,0
East,Grocery,Partner,1,136.8226758791259,0.243,106.17,0
West,Electronics,Partner,4,675.1897145619855,0.296,1892.65,0
East,Apparel,Online,24,228.0438199167027,0.111,4762.25,1
South,Electronics,Partner,16,135.7543433753475,0.224,1667.8,1
East,Electronics,Online,19,466.9841696066558,0.181,7267.16,1
West,Home,Retail,8,391.89721257377954,0.2,2532.35,0
South,Apparel,Online,23,923.5266649521781,0.222,16400.79,1
North,Home,Partner,5,331.0203648817437,0.225,1275.65,0
West,Home,Retail,22,802.3061686899223,0.266,12710.98,1
North,Toys,Retail,1,738.873920449611,0.105,663.16,0
South,Grocery,Retail,1,661.2069152561949,0.196,519.68,0
West,Grocery,Partner,2,903.5844540416572,0.084,1704.04,0
North,Apparel,Online,20,411.60761060608843,0.178,6900.74,1
South,Apparel,Partner,7,394.08433854355104,0.225,2122.56,0
North,Toys,Partner,11,174.50952663824899,0.237,1493.63,0
West,Electronics,Online,12,284.7315924752664,0.126,2868.49,1
East,Home,Partner,19,864.5853978184359,0.153,13740.67,1
East,Home,Retail,9,475.4068475949133,0.1,3832.4,0
South,Electronics,Retail,1,347.69918930308205,0.051,329.17,0
North,Toys,Online,10,227.46757287888428,0.078,2138.98,0
West,Apparel,Online,7,485.5618402338704,0.274,2558.99,0
West,Electronics,Retail,18,707.9987556459477,0.093,11447.82,1
North,Toys,Retail,19,295.2243444387924,0.292,3923.89,1
North,Electronics,Retail,3,747.407859980148,0.072,2099.18,0
North,Toys,Partner,20,624.5962637359216,0.217,9610.01,1
West,Electronics,Partner,2,776.060060038116,0.172,1248.28,0
North,Home,Partner,15,260.8732437199158,0.209,3209.55,1
West,Grocery,Online,10,625.7870189437235,0.193,5175.15,0
South,Apparel,Online,8,167.58586830928823,0.212,1095.21,0
East,Toys,Partner,12,369.2451028780513,0.272,3152.91,0
East,Toys,Online,8,715.3856910490892,0.169,4572.42,0
West,Grocery,Retail,20,626.4016501567385,0.02,12215.85,1
North,Electronics,Online,24,200.34629632402107,0.081,4572.12,1
North,Toys,Partner,20,844.0089652088279,0.212,12916.71,1
West,Grocery,Online,11,71.2169430513746,0.148,647.0,0
South,Toys,Partner,13,591.4070609759835,0.165,6198.35,1
West,Electronics,Partner,11,964.467680222342,0.179,8894.77,1
East,Grocery,Retail,20,530.2445425690387,0.115,9600.01,1
East,Electronics,Partner,14,788.6449471610439,0.232,8612.05,1
South,Home,Online,12,591.3737342615381,0.217,5357.98,0
East,Home,Online,10,771.7647823260729,0.214,6174.43,0
South,Home,Retail,10,649.3703699410758,0.215,5076.61,0
West,Home,Online,14,683.4867339560276,0.267,6821.98,1
East,Electronics,Retail,17,238.69870504292868,0.179,3276.91,1
West,Home,Retail,11,732.148077030001,0.29,5718.6,1
North,Grocery,Partner,20,248.39349119775756,0.036,4723.76,1
West,Home,Retail,20,961.4146641368845,0.19,16160.22,1
South,Apparel,Online,11,238.6757033227565,0.215,2056.8,0
North,Grocery,Retail,22,247.21664345375004,0.143,4613.35,1
West,Electronics,Retail,5,844.3261956645096,0.086,3912.02,0
North,Home,Online,23,253.26642748430635,0.165,4922.56,1
South,Home,Partner,8,366.46668175163165,0.109,2508.2,0
West,Home,Partner,14,706.0545547318659,0.273,7254.33,1
East,Grocery,Online,7,172.3986369869727,0.107,1055.57,0
West,Home,Online,11,172.70888463440215,0.053,1781.15,0
South,Grocery,Partner,9,486.90408633595416,0.173,3683.85,0
East,Electronics,Retail,17,253.94888406341778,0.119,3820.85,1
South,Toys,Partner,2,246.23163734627224,0.029,473.16,0
North,Home,Retail,21,28.869364561772173,0.169,490.39,1
North,Apparel,Retail,22,375.63160755003,0.161,6936.45,1
West,Apparel,Online,14,325.5205324336671,0.052,4257.88,1
South,Toys,Retail,14,49.90957839360359,0.179,592.61,0
East,Toys,Partner,17,616.3838510851169,0.17,8721.07,1
West,Toys,Partner,5,621.5889747232198,0.232,2456.78,0
West,Electronics,Online,18,87.96845290271253,0.108,1400.01,1
West,Home,Partner,6,324.35990039307495,0.075,1847.35,0
West,Grocery,Partner,17,857.8933107155818,0.285,10057.75,1
East,Electronics,Partner,8,578.8803855147953,0.168,3790.8,0
East,Home,Partner,18,415.49573505150835,0.008,7168.73,1
East,Home,Online,19,466.4978513255321,0.246,6432.65,1
North,Grocery,Retail,6,219.94879465837295,0.059,1283.44,0
West,Apparel,Partner,15,799.4062406796108,0.236,9320.14,1
North,Home,Online,12,897.4445172329289,0.212,8571.17,1
North,Toys,Partner,8,894.2374805600418,0.291,5085.3,0
North,Electronics,Partner,15,234.97701602460768,0.29,2516.43,1
North,Grocery,Retail,24,318.31065706539863,0.082,7090.83,1
North,Grocery,Online,1,174.19786381715534,0.23,137.64,0
North,Toys,Retail,23,314.9130882870206,0.095,6605.72,1
North,Toys,Retail,21,339.4931572376963,0.189,5896.89,1
North,Toys,Partner,13,627.78150758205,0.179,6582.91,0
West,Toys,Partner,15,202.06052628619966,0.016,3096.17,1
East,Grocery,Partner,9,902.6210473930338,0.002,7803.74,0
South,Home,Partner,4,118.97549128189755,0.017,463.57,0
West,Home,Online,14,26.60289059295973,0.038,369.24,0
North,Toys,Online,20,840.7473234853119,0.077,15123.53,1
East,Electronics,Partner,6,695.6190154554077,0.272,2951.28,0
West,Grocery,Online,18,361.1454755417585,0.156,5427.46,1
North,Toys,Online,18,591.6797176737133,0.239,8058.27,1
North,Toys,Retail,19,234.60233680566404,0.251,3454.38,1
North,Apparel,Partner,9,181.65406269956094,0.22,1309.5,0
West,Apparel,Partner,10,472.3031697331739,0.117,4158.46,0
South,Home,Partner,10,359.06031653212244,0.259,2761.31,0
North,Toys,Online,21,610.6208485138804,0.223,10076.91,1
South,Toys,Retail,22,229.42321717859022,0.223,4038.99,1
North,Toys,Retail,10,656.4105925381939,0.27,4694.45,0
North,Grocery,Online,24,756.1870594907007,0.18,14868.62,1
South,Grocery,Partner,14,179.97069730733543,0.159,2039.25,1
East,Toys,Partner,10,62.10395208119934,0.267,437.34,0
South,Apparel,Partner,1,442.0038802892852,0.136,388.17,0
South,Home,Online,15,763.0631225527396,0.243,8400.0,1
North,Home,Partner,16,644.7486421511769,0.016,10189.75,1
North,Toys,Partner,24,693.8064515980077,0.0,16912.46,1
North,Grocery,Retail,18,406.72576639363365,0.158,5933.66,1
West,Apparel,Partner,1,245.54772344294707,0.022,239.16,0
South,Home,Retail,14,530.5076895532251,0.293,5328.32,1
East,Electronics,Online,18,216.191065999229,0.002,4004.74,1
West,Toys,Partner,12,717.1795491056631,0.215,6647.32,1
North,Home,Online,11,209.08779772109796,0.073,2212.95,0
South,Home,Partner,20,299.6127360457678,0.29,4371.77,1
West,Home,Retail,15,506.2829871900852,0.114,6809.58,1
West,Apparel,Online,17,487.24153677775513,0.008,8145.8,1
East,Home,Partner,12,596.8154013507482,0.008,7224.48,1
East,Toys,Online,7,439.9468164799203,0.166,2633.38,0
East,Apparel,Partner,13,902.6943761696876,0.296,8131.46,0
East,Electronics,Online,24,826.3367304293007,0.294,14553.48,1
South,Apparel,Partner,15,863.9489131871729,0.101,12031.2,1
South,Electronics,Online,17,624.3359085473,0.145,9064.2,1
South,Apparel,Partner,3,629.6075992263742,0.03,1864.82,0
East,Toys,Retail,24,604.8307363673107,0.157,12260.44,1
East,Electronics,Retail,6,437.48878824459797,0.18,2197.38,0
West,Toys,Retail,24,329.2217610245721,0.075,7499.91,1
North,Apparel,Partner,11,588.3227719509155,0.184,5079.36,0
West,Grocery,Retail,23,44.510563652912296,0.27,722.17,1
West,Toys,Retail,22,27.158174166850912,0.0,589.66,1
East,Apparel,Partner,19,837.5761532448786,0.069,15310.87,1
North,Home,Online,22,64.5670829865173,0.063,1320.15,1
West,Electronics,Retail,15,523.8033443200814,0.037,7800.9,1
East,Electronics,Retail,21,610.3882524316592,0.05,12140.65,1
North,Grocery,Retail,5,210.24438043753818,0.188,839.17,0
South,Grocery,Partner,2,879.9016047345424,0.031,1759.91,0
East,Electronics,Online,14,202.49194087844,0.222,2216.25,1
West,Apparel,Partner,20,869.1343878720077,0.266,12616.49,1
South,Electronics,Retail,19,752.4706585597138,0.278,9946.17,1
North,Apparel,Online,13,251.1132353832262,0.198,2536.62,1
South,Apparel,Retail,13,164.7143996250498,0.059,1956.81,0
West,Apparel,Online,15,323.5834017787857,0.026,4676.43,1
West,Home,Online,21,402.0325436194637,0.07,7919.12,1
North,Electronics,Partner,21,255.9532894389665,0.289,3762.81,1
East,Grocery,Online,3,978.9358868042463,0.289,2015.49,0
East,Toys,Partner,15,240.4662427899978,0.115,3132.13,1
North,Toys,Online,10,817.4094339035427,0.098,7319.17,0
North,Electronics,Retail,20,172.75303720685386,0.153,3041.68,1
East,Toys,Partner,13,961.0348402649096,0.088,11296.48,1
North,Grocery,Online,24,236.50251995176146,0.294,3875.6,1
West,Electronics,Retail,11,424.82101259224856,0.066,4392.93,1
North,Toys,Partner,17,556.2215040971902,0.111,8688.38,1
South,Apparel,Partner,3,135.47428654984958,0.129,362.11,0
East,Toys,Retail,23,804.1472647799372,0.038,18271.14,1
South,Home,Partner,4,283.69811137359665,0.115,1038.7,0
West,Grocery,Partner,10,547.2991055375973,0.257,4110.85,0
South,Electronics,Partner,21,547.648458265517,0.042,11453.82,1
West,Apparel,Retail,24,598.5350262327536,0.175,11408.51,1
West,Apparel,Online,12,73.2665470633421,0.122,792.61,0
South,Apparel,Online,12,181.87401135830515,0.051,2130.34,0
North,Apparel,Online,2,174.74455320642963,0.004,359.7,0
East,Apparel,Online,24,309.9692090392178,0.082,6817.31,1
North,Electronics,Online,1,159.11759058400628,0.019,159.69,0
South,Toys,Online,1,905.0444679433181,0.113,783.19,0
West,Home,Partner,12,512.4362724908488,0.243,4693.38,0
South,Grocery,Online,1,618.632141794577,0.216,479.52,0
North,Toys,Retail,4,363.188648382196,0.284,1048.18,0
West,Electronics,Retail,16,285.1962953925551,0.128,4034.94,1
East,Electronics,Partner,17,503.05008342292444,0.212,6656.41,1
North,Home,Partner,8,302.55005584144027,0.2,1892.36,0
East,Home,Online,20,349.9000887005737,0.065,6449.79,1
South,Apparel,Retail,15,454.64083930002283,0.091,6280.34,1
North,Toys,Partner,6,505.5043396969813,0.159,2586.87,0
West,Home,Retail,18,964.9414513105652,0.239,13472.94,1
East,Toys,Online,15,234.38968463546288,0.139,2936.7,1
North,Electronics,Retail,20,488.4571182873413,0.068,9336.84,1
East,Grocery,Retail,4,163.53126990976537,0.298,466.11,0
West,Apparel,Partner,6,355.9992633996537,0.035,1983.82,0
South,Home,Online,8,708.6182899581481,0.287,3988.8,0
South,Home,Retail,9,187.48365801015157,0.243,1273.92,0
South,Grocery,Online,22,578.0972552480414,0.252,9407.09,1
South,Apparel,Retail,18,420.03298262528693,0.238,5584.84,1
North,Apparel,Online,14,69.51636262829408,0.062,891.52,0
East,Apparel,Online,13,915.7522318193068,0.19,9276.1,1
South,Apparel,Online,22,417.0590146811709,0.227,6861.62,1
South,Electronics,Partner,11,772.5694743211195,0.224,6471.36,1
South,Electronics,Retail,6,419.66094918252827,0.081,2373.24,0
North,Apparel,Retail,4,919.8659087156332,0.054,3488.19,0
East,Home,Online,8,298.85152105174154,0.098,2143.49,0
North,Apparel,Partner,16,415.741423700189,0.144,5767.86,1
West,Apparel,Online,12,748.5096706489148,0.172,7461.89,1
South,Toys,Retail,11,349.9206226696226,0.251,2798.01,0
West,Apparel,Partner,12,369.7827884817722,0.231,3336.63,1
West,Grocery,Online,24,975.0302464776545,0.203,18236.37,1
East,Toys,Retail,24,553.3899446627379,0.079,12329.94,1
South,Electronics,Online,4,681.8052355233422,0.144,2327.33,0
South,Apparel,Retail,3,637.7237447874654,0.101,1704.47,0
East,Electronics,Partner,6,814.8071812703093,0.07,4567.23,0
West,Apparel,Retail,21,847.3520954640733,0.003,18408.24,1
West,Apparel,Online,12,560.7258871714972,0.102,5952.57,1
West,Electronics,Online,21,302.7738319677434,0.077,5878.15,1
South,Electronics,Retail,16,41.88823767197068,0.172,554.06,0
East,Home,Online,14,609.8271210217473,0.019,8520.52,1
West,Toys,Retail,7,812.4500799349948,0.081,5322.78,0
East,Apparel,Online,9,452.51821329119315,0.013,4093.38,0
East,Grocery,Partner,4,178.11789487122974,0.192,561.93,0
South,Apparel,Partner,13,296.5587900182153,0.17,3186.84,0
South,Grocery,Retail,7,509.58937233139,0.101,3286.68,0
East,Apparel,Retail,8,823.2139702185599,0.044,6236.27,0
North,Home,Online,1,184.8830202256838,0.287,136.93,0
East,Toys,Partner,20,607.6638806811336,0.175,9918.0,1
East,Electronics,Partner,23,743.2338693925236,0.204,13604.59,1
West,Grocery,Retail,12,918.6056195214303,0.159,9251.67,1
East,Apparel,Retail,13,132.03554401170504,0.242,1294.17,0
West,Home,Retail,23,909.335968797975,0.269,15711.41,1
South,Toys,Retail,13,597.4088337675003,0.115,6683.64,1
North,Toys,Online,15,756.0335239349946,0.207,9041.7,1
North,Electronics,Partner,11,71.62372118581324,0.069,740.46,0
West,Grocery,Retail,13,505.9022294149713,0.196,5436.26,1
East,Toys,Partner,13,617.7244871175619,0.12,7128.5,1
East,Grocery,Online,18,314.5604862779266,0.002,5858.72,1
West,Home,Online,15,434.3841997772025,0.287,4784.06,1
East,Toys,Partner,13,552.1262098684141,0.261,5240.09,1
South,Home,Retail,2,550.4460221820607,0.087,1034.05,0
South,Grocery,Partner,22,60.18706439056455,0.299,962.25,1
South,Grocery,Retail,22,441.90249591573667,0.095,8627.38,1
North,Grocery,Online,5,225.26542860054164,0.138,979.45,0
North,Home,Partner,8,900.0272749619357,0.255,5270.53,0
North,Toys,Online,24,957.5167905184007,0.091,21139.13,1
West,Apparel,Retail,8,307.6610204979863,0.135,2059.8,0
North,Home,Online,20,188.1779813610164,0.2,3067.26,1
South,Toys,Online,19,230.72398491040934,0.039,4185.77,1
South,Electronics,Retail,21,478.6421651388356,0.127,8836.24,1
North,Toys,Partner,1,859.5253751486513,0.093,750.02,0
East,Electronics,Retail,12,500.034766340134,0.203,4857.11,1
North,Home,Online,14,73.17637924668574,0.041,982.15,0
West,Home,Online,21,58.29017860461825,0.07,1149.81,1
North,Home,Retail,6,238.2953077979346,0.213,1108.64,0
North,Home,Partner,8,829.0604265050516,0.047,6141.66,0
South,Home,Online,5,616.6213352337383,0.127,2677.65,0
West,Home,Retail,19,560.4395396348398,0.214,8666.88,1
South,Home,Online,24,326.21080887933647,0.23,5897.1,1
South,Home,Online,4,912.2483888443398,0.028,3596.72,0
West,Toys,Online,6,337.9311151636471,0.256,1454.2,0
West,Home,Partner,8,821.5466361468289,0.217,5235.96,0
North,Toys,Online,22,880.0673772568487,0.102,17022.8,1
South,Grocery,Partner,11,484.0016126874912,0.229,4088.9,0
North,Grocery,Online,7,878.5176987015129,0.218,4758.13,0
South,Electronics,Online,8,285.7311558954052,0.18,1816.34,0
West,Toys,Retail,15,652.0960891359448,0.168,8037.62,1
North,Apparel,Online,10,104.44519858341081,0.22,804.9,0
West,Electronics,Retail,4,474.97684552869816,0.3,1332.29,0
South,Toys,Partner,20,228.638530072014,0.174,3919.84,1
West,Electronics,Partner,11,80.25274681337876,0.243,666.66,0
North,Grocery,Partner,7,23.576487754515902,0.223,132.48,0
East,Toys,Partner,18,331.76203178317604,0.257,4423.34,1
South,Grocery,Retail,18,585.9493707552923,0.286,7294.19,1
West,Toys,Retail,4,457.02113374511106,0.058,1684.88,0
West,Grocery,Partner,2,309.6985265787162,0.05,584.07,0
North,Electronics,Online,2,971.552029545201,0.176,1578.75,0
West,Grocery,Retail,19,921.9440383804907,0.135,15595.6,1
South,Electronics,Retail,16,140.627174563997,0.171,1891.94,1
North,Apparel,Partner,20,418.50312960175495,0.239,6409.52,1
North,Electronics,Online,16,642.8930566338664,0.28,7400.93,1
East,Home,Retail,10,724.1511656287392,0.125,6284.25,0
East,Toys,Partner,15,371.71726871311074,0.215,4416.26,1
West,Apparel,Retail,18,736.4305402259338,0.059,12099.06,1
South,Grocery,Online,10,139.18401239425117,0.16,1137.58,0
South,Toys,Retail,22,338.54012024739654,0.007,7279.26,1
North,Toys,Online,22,707.7758487256689,0.151,12872.09,1
North,Grocery,Online,20,620.6554786499601,0.164,10524.38,1
West,Home,Partner,24,823.7218062671888,0.221,14814.81,1
East,Apparel,Online,10,64.98274176046888,0.195,508.89,0
East,Grocery,Retail,3,187.41604911012658,0.108,517.68,0
West,Home,Retail,12,66.5547989810878,0.002,828.79,0
West,Toys,Retail,18,204.42965527924287,0.035,3547.42,1
East,Apparel,Online,19,24.111498207617608,0.292,324.23,1
West,Apparel,Retail,10,504.0418896117116,0.277,3723.93,0
East,Electronics,Online,8,527.1818197455252,0.098,3662.99,0
North,Apparel,Partner,11,651.576110149755,0.078,6569.7,1
South,Electronics,Partner,20,389.5159493130017,0.131,6553.06,1
North,Toys,Online,2,23.079383057776646,0.207,36.31,0
West,Electronics,Partner,8,666.9355082313316,0.107,4949.0,0
West,Toys,Partner,6,72.11944423799608,0.02,432.67,0
West,Grocery,Online,20,851.5236135850341,0.121,15550.67,1
East,Toys,Partner,12,41.74782819961987,0.078,470.99,0
North,Home,Retail,3,529.2561183263672,0.097,1446.16,0
North,Electronics,Partner,7,879.1211670900999,0.049,5971.33,0
East,Grocery,Retail,2,569.589992757229,0.198,925.25,0
West,Electronics,Partner,12,604.0800766821727,0.158,6086.08,1
West,Toys,Partner,24,674.3464144039094,0.081,14626.54,1
East,Toys,Online,14,137.5124938212483,0.166,1608.19,1
North,Electronics,Retail,21,667.9300167781371,0.148,11719.71,1
North,Toys,Online,18,865.1406867323026,0.239,11838.07,1
North,Electronics,Online,22,955.2519995219038,0.287,14559.9,1
North,Apparel,Partner,8,445.3299193840132,0.039,3441.61,0
South,Grocery,Partner,23,350.724657610445,0.265,5808.18,1
South,Grocery,Online,6,743.1772309724644,0.211,3460.11,0
North,Apparel,Partner,11,541.159316571502,0.208,4714.21,0
South,Grocery,Online,17,267.0124682768293,0.112,3922.0,1
West,Grocery,Online,7,185.27156957091483,0.103,1206.35,0
South,Toys,Partner,7,183.42108856903394,0.002,1275.94,0
South,Electronics,Partner,4,460.80995514190596,0.295,1284.13,0
North,Apparel,Online,1,183.31942939102413,0.182,144.31,0
South,Toys,Online,13,38.93018625102634,0.121,457.07,0
North,Grocery,Partner,24,70.00522397090239,0.163,1420.42,1
North,Grocery,Partner,6,912.6891621948471,0.012,5374.24,0
West,Home,Online,11,90.04288751373032,0.052,919.85,0
South,Apparel,Retail,23,90.25346295772117,0.187,1720.75,1
North,Grocery,Retail,19,453.14090771219117,0.154,7543.37,1
South,Apparel,Retail,1,255.29627104163126,0.236,193.19,0
West,Apparel,Online,13,944.1860980855978,0.198,9556.54,1
South,Grocery,Online,4,894.546405917892,0.18,2842.38,0
East,Home,Partner,6,408.5535187244164,0.245,1777.66,0
East,Apparel,Retail,6,450.78225863960887,0.02,2702.33,0
North,Electronics,Partner,15,380.1091069525474,0.207,4695.52,1
North,Home,Online,5,56.351471977403094,0.215,229.9,0
South,Grocery,Retail,7,301.13296568452034,0.083,1976.92,0
West,Home,Online,6,137.76653082750474,0.059,756.81,0
North,Toys,Retail,9,118.27551681451783,0.064,1034.43,0
North,Apparel,Partner,16,558.4271100189324,0.059,8291.86,1
South,Toys,Partner,10,114.81426340501976,0.157,955.0,0
North,Toys,Partner,8,118.81407084345305,0.041,925.2,0
West,Toys,Online,13,481.2931662265746,0.198,4836.93,1
South,Toys,Online,15,444.5910705177332,0.032,6623.7,1
East,Home,Retail,1,152.1293937270746,0.008,156.92,0
South,Apparel,Partner,22,24.27106381650848,0.096,493.33,1
East,Toys,Retail,22,205.25546409713007,0.058,4349.57,1
West,Grocery,Retail,15,246.45656401475912,0.297,2576.08,1
South,Grocery,Retail,14,788.238505864513,0.091,9682.78,1
North,Apparel,Online,17,898.8208165061264,0.067,14589.98,1
South,Toys,Retail,11,409.70662158845096,0.059,4273.84,0
North,Electronics,Retail,9,408.8256574409387,0.112,3374.33,1
North,Home,Online,9,703.982032409472,0.182,5023.49,0
West,Home,Partner,4,621.8451350765014,0.235,1873.18,0
East,Apparel,Online,21,196.77457922567277,0.109,3640.81,1
East,Grocery,Partner,8,123.3815574040269,0.188,813.24,0
West,Grocery,Partner,7,440.1074150288488,0.145,2694.68,0
East,Electronics,Partner,24,562.2352286362525,0.254,10437.52,1
North,Apparel,Online,13,153.1592990324569,0.171,1623.58,0
South,Apparel,Partner,15,301.54255367210675,0.087,4127.52,1
South,Grocery,Partner,6,313.70527657335185,0.211,1429.12,0
West,Home,Partner,7,270.8462729831974,0.246,1401.28,0
South,Toys,Online,18,462.3308156401194,0.14,7084.74,1
South,Grocery,Retail,11,646.941040946949,0.296,5047.51,0
South,Toys,Online,4,509.01428827135265,0.264,1495.04,0
West,Electronics,Partner,21,213.39829975745045,0.059,4171.24,1
West,Electronics,Partner,10,118.82148516550376,0.236,916.81,0
South,Apparel,Online,17,808.9956443827523,0.18,11573.87,1
East,Apparel,Retail,9,480.1324954090743,0.16,3554.79,0
West,Toys,Online,14,79.65361676852211,0.154,931.56,0
East,Electronics,Partner,19,267.79663966357566,0.256,3847.63,1
South,Apparel,Online,22,791.8724272487887,0.183,14549.59,1
North,Apparel,Online,5,741.657271782608,0.161,3192.24,0
East,Electronics,Online,17,860.7839675814827,0.015,14078.66,1
East,Electronics,Retail,22,598.0043129616244,0.134,11428.97,1
North,Electronics,Retail,16,425.9896969837328,0.272,5120.71,1
North,Home,Partner,4,429.56959765227265,0.214,1338.89,0
South,Home,Retail,5,206.240042713226,0.015,1010.03,0
West,Home,Partner,5,644.7670030571666,0.265,2461.42,0
South,Home,Retail,3,581.6660058491399,0.248,1271.62,0
West,Toys,Online,19,168.66983497168246,0.164,2723.22,1
South,Grocery,Online,24,870.2364032435598,0.007,21320.48,1
East,Home,Partner,13,373.7294751781732,0.169,3924.61,1
East,Toys,Partner,15,67.74921490022575,0.016,1017.13,0
East,Toys,Online,19,334.7656839485925,0.096,5736.02,1
West,Toys,Online,10,855.0624461231127,0.189,7130.33,1
South,Electronics,Partner,12,900.2783224273131,0.274,8098.88,1
East,Grocery,Online,15,490.78248056924815,0.107,6769.93,1
West,Electronics,Retail,8,938.0863424704812,0.258,5374.42,1
East,Home,Online,2,860.232136843497,0.276,1271.21,0
South,Toys,Retail,14,812.2214884152563,0.006,11684.03,1
North,Home,Online,20,845.3216620949178,0.072,15841.48,1
South,Apparel,Online,2,386.60039568207054,0.213,613.42,0
North,Grocery,Retail,6,746.2101831253219,0.227,3334.95,0
North,Electronics,Retail,7,574.2454429531033,0.118,3646.37,0
South,Apparel,Partner,20,710.8966416706944,0.197,11002.7,1
East,Grocery,Online,13,190.67466327754363,0.184,1992.5,1
South,Toys,Retail,13,722.1381553039442,0.222,7552.54,1
North,Electronics,Partner,16,939.2887368264048,0.216,12206.37,1
North,Toys,Partner,7,310.55678948617236,0.026,2200.7,0
West,Grocery,Partner,18,966.7148709974019,0.047,16551.72,1
South,Electronics,Partner,1,383.2409742131562,0.04,358.42,0
West,Home,Partner,3,211.73455714019155,0.28,456.91,0
East,Home,Online,20,127.79478060822885,0.274,1796.54,1
South,Electronics,Retail,16,773.5634367566506,0.239,9699.62,1
East,Apparel,Partner,5,552.6323843615056,0.035,2679.36,0
East,Electronics,Retail,11,314.8460419155477,0.172,2845.71,0
North,Electronics,Retail,2,604.1123550020076,0.056,1102.2,0
East,Home,Partner,17,338.81714032736454,0.111,5081.73,1
South,Home,Partner,19,450.42344703532035,0.08,8104.06,1
West,Apparel,Online,7,848.1575607229674,0.249,4531.32,0
East,Apparel,Partner,9,661.4398177847982,0.043,5506.68,0
South,Electronics,Partner,6,751.9057661165277,0.194,3537.28,0
North,Toys,Partner,10,580.1538094107932,0.295,4054.85,0
West,Apparel,Retail,7,971.7421269301962,0.206,5228.71,0
North,Grocery,Online,6,251.75366363925696,0.024,1525.46,0
North,Home,Retail,11,271.7995142900622,0.272,2203.09,0
East,Grocery,Partner,21,108.85658118879957,0.193,1785.0,1
South,Toys,Retail,19,551.8587219878821,0.137,9257.35,1
West,Apparel,Partner,8,608.8248669520332,0.198,3865.1,0
North,Toys,Retail,23,716.923109982867,0.264,11888.37,1
South,Apparel,Online,6,342.0280889112906,0.143,1768.56,0
North,Electronics,Retail,22,31.766529790426112,0.159,564.86,1
North,Apparel,Partner,8,626.9403556047872,0.136,4321.42,0
West,Apparel,Online,13,978.7476728195674,0.022,12786.06,1
East,Electronics,Partner,5,302.76737963839275,0.236,1196.18,0
West,Electronics,Retail,19,196.57707437025894,0.038,3547.78,1
South,Grocery,Online,8,290.49627951329904,0.118,2073.1,0
North,Home,Partner,21,428.39885578596534,0.116,7778.99,1
West,Home,Partner,2,260.8764117944621,0.084,480.23,0
South,Grocery,Retail,13,353.0816243528287,0.121,3955.27,1
South,Apparel,Online,4,632.6784690361881,0.185,2074.31,0
South,Home,Online,22,351.2268673689101,0.093,6824.33,1
West,Grocery,Online,11,400.21658699230846,0.052,4320.78,1
North,Toys,Online,17,58.43001228729339,0.261,756.78,0
North,Apparel,Retail,22,901.224801557955,0.291,13873.91,1
West,Apparel,Partner,13,410.61052151825953,0.138,4703.14,1
West,Electronics,Retail,2,335.01777539340253,0.098,584.81,0
East,Electronics,Retail,6,103.02482839556913,0.014,621.21,0
West,Electronics,Partner,6,628.8158867793763,0.011,3666.46,0
North,Toys,Partner,22,849.2719522532047,0.118,15998.92,1
South,Toys,Online,22,59.507072050304295,0.279,957.36,1
South,Home,Partner,12,159.46156867139408,0.219,1490.86,0
East,Toys,Online,22,160.53423573075904,0.105,3168.54,1
North,Electronics,Online,6,598.1838611338812,0.29,2552.45,0
East,Apparel,Retail,17,904.381282609634,0.129,12919.21,1
North,Apparel,Retail,10,440.2576323828892,0.083,3892.27,0
West,Grocery,Online,6,350.0541902660966,0.128,1846.31,0
West,Toys,Online,7,755.2070581728236,0.063,5002.49,0
North,Grocery,Partner,11,732.8662992854254,0.266,5702.81,0
West,Apparel,Online,9,256.88589370612124,0.108,2042.22,0
South,Grocery,Partner,6,174.3933078155706,0.197,847.81,0
North,Electronics,Online,9,363.4976311187421,0.117,2924.92,0
South,Apparel,Retail,4,764.5792565375659,0.271,2288.06,0
North,Home,Partner,24,687.2608543183792,0.193,13226.46,1
West,Electronics,Online,10,659.219558101957,0.146,5651.47,1
South,Grocery,Online,3,816.2514177566757,0.04,2365.58,0
West,Grocery,Online,14,286.045099847738,0.271,2875.48,1
North,Home,Retail,22,346.0963764507297,0.164,6138.2,1
East,Apparel,Online,9,60.64587258480895,0.086,479.09,0
East,Electronics,Online,21,853.995944771392,0.263,13572.71,1
North,Toys,Online,15,579.132545525291,0.016,8343.0,1
East,Home,Retail,18,306.1974002083456,0.094,5045.5,1
South,Toys,Online,8,86.63987019139093,0.161,585.11,0
South,Toys,Online,1,714.4731230359613,0.102,636.45,0
North,Electronics,Online,9,738.7880187670986,0.143,5850.3,0
North,Electronics,Retail,23,659.5315060304217,0.079,14192.6,1
North,Toys,Online,19,215.62973210886037,0.039,3786.86,1
East,Electronics,Retail,19,896.6874161682607,0.011,17222.63,1
West,Grocery,Online,22,743.0316982600413,0.047,15587.13,1
West,Electronics,Retail,9,651.4460706406114,0.286,4134.96,0
South,Toys,Online,8,644.9061664849161,0.173,4344.14,0
East,Grocery,Partner,23,888.1833920879756,0.147,17684.65,1
West,Home,Partner,14,911.1748477732388,0.115,11118.39,1
West,Electronics,Partner,8,591.8119212898304,0.213,3870.03,0
East,Grocery,Partner,7,420.00263452404647,0.042,2850.05,0
East,Electronics,Retail,22,369.18462037703955,0.083,7510.96,1
West,Home,Online,2,806.3156874374936,0.197,1250.38,0
East,Grocery,Online,2,638.8211262409602,0.144,1074.35,0
East,Toys,Partner,18,94.1753890435075,0.231,1298.05,0
West,Electronics,Online,1,156.49857249442613,0.269,115.6,0
East,Grocery,Partner,5,884.1784593006525,0.247,3332.33,0
North,Electronics,Retail,24,869.1182221803208,0.055,20126.39,1
East,Toys,Retail,11,933.7591507495702,0.027,9804.19,1
West,Toys,Retail,18,430.7369286351908,0.051,7476.84,1
West,Apparel,Online,12,772.6984713350788,0.235,7273.03,1
South,Home,Online,3,815.0960262217487,0.274,1812.92,0
North,Electronics,Retail,5,323.0690296046654,0.278,1191.55,0
South,Grocery,Partner,19,159.52420277805655,0.089,2847.02,1
West,Apparel,Partner,3,977.1453071736059,0.252,2119.77,0
West,Apparel,Online,15,49.0104356012959,0.161,626.53,0
West,Home,Retail,9,593.4424819629853,0.247,4172.55,0
South,Toys,Partner,9,644.2037832144406,0.165,4869.72,0
South,Home,Partner,23,674.5177682908625,0.044,14495.89,1
South,Home,Retail,15,265.40263421032614,0.024,4040.53,1
South,Home,Retail,15,712.7160745268967,0.287,7424.12,1
North,Grocery,Online,9,227.7435807500149,0.128,1763.82,0
North,Apparel,Online,10,815.8767255216152,0.105,7110.53,0
South,Grocery,Retail,17,230.35200712124916,0.107,3487.05,1
West,Toys,Partner,1,688.8377879130344,0.114,606.35,0
West,Grocery,Online,6,772.0769464006169,0.283,3319.15,0
South,Grocery,Online,15,201.3879204437012,0.019,3064.89,1
West,Toys,Retail,15,248.46702812729865,0.036,3586.6,1
East,Apparel,Partner,3,767.9395891849922,0.237,1759.87,0
North,Toys,Retail,19,102.55901276955473,0.165,1677.43,1
West,Toys,Partner,14,203.13051436799756,0.039,2802.39,1
South,Apparel,Online,6,457.3096699423186,0.01,2659.86,0
South,Toys,Partner,19,912.9746515949797,0.067,15553.67,1
West,Apparel,Retail,24,559.40272149729,0.078,12506.7,1
North,Home,Retail,11,392.17073427989646,0.004,4415.16,0
South,Toys,Partner,7,959.2354133335775,0.065,6304.74,0
North,Electronics,Partner,8,465.162853972437,0.221,2831.91,0
East,Apparel,Online,15,436.38557473998276,0.257,4957.42,1
North,Toys,Retail,2,415.17854421221455,0.269,615.22,0
North,Home,Partner,12,319.6928697025244,0.117,3405.09,0
North,Grocery,Online,1,332.667017348081,0.096,309.47,0
East,Electronics,Partner,1,680.3235775323182,0.3,487.06,0
West,Toys,Partner,11,59.20217344820589,0.231,507.52,0
South,Grocery,Partner,18,674.5440566204661,0.161,10321.24,1
East,Grocery,Partner,22,213.15631820083792,0.076,4389.27,1
West,Electronics,Partner,3,388.8396830763132,0.096,1056.66,0
West,Grocery,Online,6,160.67741365791872,0.155,812.28,0
East,Apparel,Retail,11,550.641002309571,0.163,5154.76,0
East,Apparel,Online,14,720.1764271540541,0.004,10130.91,1
West,Apparel,Partner,24,360.4693530141101,0.288,6154.76,1
South,Toys,Partner,17,176.87991443865243,0.173,2412.48,1
East,Toys,Online,13,237.4453586539285,0.177,2581.47,0
West,Home,Partner,2,805.3884017845496,0.063,1526.93,0
East,Electronics,Retail,2,276.94278565745833,0.229,421.66,0
North,Grocery,Online,4,763.714489290778,0.221,2352.38,0
West,Apparel,Online,16,337.95143053396265,0.029,5144.03,1
South,Electronics,Partner,8,201.18325216924404,0.178,1371.87,0
North,Home,Retail,6,718.2162172423338,0.197,3560.08,0
South,Home,Retail,17,469.8032282961984,0.251,6011.22,1
North,Toys,Online,20,50.02616122381415,0.062,931.11,1
West,Grocery,Retail,11,941.5447225706226,0.263,7777.72,1
South,Electronics,Online,22,161.84330726922312,0.138,3076.0,1
West,Apparel,Online,18,359.2706973949677,0.029,6518.38,1
South,Home,Partner,18,389.40284959587905,0.032,6543.48,1
South,Toys,Partner,21,489.8527032880768,0.059,9319.33,1
North,Toys,Retail,5,774.0262614408039,0.085,3560.61,0
North,Apparel,Retail,19,25.846668488121693,0.149,407.99,1
West,Toys,Retail,23,915.1731692826318,0.225,16449.08,1
South,Grocery,Retail,24,640.1498817948907,0.056,14829.76,1
North,Home,Partner,14,932.6229239829781,0.298,8900.46,1
South,Grocery,Retail,19,804.6939559198264,0.048,14486.15,1
West,Toys,Retail,22,910.7246893598882,0.18,16677.45,1
South,Apparel,Partner,21,596.9605288982509,0.279,9279.99,1
West,Apparel,Partner,22,363.01662356208783,0.25,5988.02,1
East,Toys,Retail,20,445.1975005890596,0.194,7007.88,1
East,Apparel,Retail,10,651.7110179687484,0.215,5151.05,0
North,Apparel,Online,18,429.85458537568286,0.04,7400.86,1
West,Apparel,Online,10,722.4058721290776,0.003,7359.07,0
East,Toys,Partner,20,108.1740954368284,0.13,1890.6,1
West,Apparel,Online,20,816.7871830254932,0.027,15614.2,1
North,Toys,Retail,23,216.02109405632402,0.107,4527.15,1
West,Grocery,Online,15,926.1897051437337,0.067,12980.43,1
South,Grocery,Online,12,169.3239679397772,0.275,1435.12,0
South,Grocery,Online,4,143.99762825830192,0.264,426.07,0
North,Electronics,Online,16,799.4010661638971,0.246,9989.86,1
South,Home,Partner,14,805.9537545948938,0.214,9014.53,1
West,Apparel,Partner,13,729.2090430859973,0.046,8898.09,1
East,Grocery,Retail,17,942.1092453485164,0.015,16041.75,1
East,Toys,Online,21,279.7180435379994,0.196,4640.62,1
South,Apparel,Partner,4,813.582789430676,0.193,2635.21,0
South,Home,Online,11,357.958908841684,0.111,3507.93,0
North,Toys,Online,18,535.9026805465671,0.142,8109.22,1
East,Home,Retail,20,447.7760285132756,0.147,7546.1,1
West,Home,Retail,19,25.616021766662946,0.072,467.64,1
East,Electronics,Partner,20,571.4837057975914,0.094,10148.67,1
East,Home,Partner,21,737.6056522533949,0.126,13864.04,1
East,Apparel,Partner,24,187.5702882322604,0.181,3736.25,1
North,Grocery,Retail,15,914.3896274173159,0.287,9804.92,1
East,Grocery,Retail,6,529.1835578417637,0.162,2583.58,0
South,Toys,Retail,14,191.1161630250498,0.219,2040.28,0
West,Electronics,Online,18,640.1096680802099,0.242,8509.36,1
West,Grocery,Online,3,204.24580017473022,0.034,596.01,0
North,Apparel,Partner,19,80.99201436352296,0.196,1284.09,1
South,Home,Partner,14,677.9026327224725,0.145,8359.38,1
West,Grocery,Retail,23,126.2670879732747,0.172,2313.3,1
East,Grocery,Partner,6,121.9687504413779,0.012,709.94,0
East,Electronics,Retail,22,730.3458206545408,0.272,11376.49,1
South,Apparel,Retail,11,72.99414387974832,0.286,595.11,0
East,Toys,Online,14,797.3784118860365,0.001,10916.25,1
North,Home,Retail,16,784.3028083019145,0.064,11465.06,1
West,Apparel,Online,14,155.73769095465536,0.054,2082.54,1
South,Home,Online,22,517.6454213858901,0.234,8762.57,1
East,Grocery,Retail,5,112.76047133018466,0.179,452.73,0
South,Apparel,Online,18,627.2683709945477,0.053,10838.15,1
North,Toys,Online,24,80.4128124517247,0.244,1411.97,1
West,Toys,Partner,6,926.7016220698374,0.106,4779.7,0
East,Grocery,Retail,7,219.42150595479836,0.138,1279.76,0
South,Apparel,Retail,12,675.5788697106992,0.116,7089.07,0
West,Apparel,Online,18,143.15976740202564,0.156,2257.53,1
West,Home,Retail,24,221.21259039370543,0.144,4561.77,1
West,Home,Partner,20,452.9116629280358,0.082,8484.91,1
East,Home,Retail,20,570.1722956878556,0.127,9813.04,1
West,Toys,Online,11,978.9087107760156,0.273,7965.7,1
East,Toys,Partner,16,44.88917896730637,0.151,632.52,0
East,Apparel,Retail,6,20.301842858323482,0.275,87.31,0
West,Toys,Retail,12,356.35241092635005,0.165,3713.21,1
East,Apparel,Partner,5,371.5101130903231,0.231,1444.27,0
West,Home,Online,1,868.4837466546863,0.088,807.81,0
South,Electronics,Retail,21,896.0792457894099,0.237,14073.21,1
East,Apparel,Retail,20,865.3039773049461,0.079,16121.36,1
East,Grocery,Partner,13,157.45160046660587,0.006,2036.38,0
East,Home,Partner,1,415.62064177383047,0.048,410.12,0
North,Toys,Online,3,736.0497558032223,0.006,2265.96,0
West,Electronics,Online,3,320.10662507287174,0.284,681.91,0
West,Toys,Partner,18,656.7085073701292,0.3,8570.34,1
East,Apparel,Retail,5,247.65714866344834,0.229,984.11,0
West,Toys,Retail,7,330.48248764237576,0.032,2255.54,0
West,Grocery,Partner,21,846.0124633745445,0.27,12535.8,1
West,Home,Retail,22,260.4886746454353,0.223,4331.96,1
North,Electronics,Partner,19,945.7511234094684,0.1,15624.91,1
South,Home,Online,8,314.00917849937304,0.151,2065.87,0
West,Electronics,Partner,14,42.58698543034626,0.199,495.79,0
South,Home,Retail,5,264.70486765046763,0.007,1284.0,0
North,Electronics,Partner,21,184.3567445536887,0.15,3341.01,1
West,Toys,Retail,3,506.55388756884776,0.22,1198.28,0
East,Apparel,Retail,18,128.20742367474563,0.056,2201.36,1
West,Apparel,Partner,13,621.0069221555933,0.133,6835.14,1
North,Electronics,Online,19,859.9031077342348,0.16,13811.17,1
East,Grocery,Partner,11,368.0181265315863,0.221,3185.22,0
South,Grocery,Retail,4,181.75301053318827,0.289,519.82,0
West,Grocery,Retail,19,404.02399595303643,0.254,5582.86,1
South,Electronics,Online,16,774.528148592602,0.186,10267.46,1
North,Apparel,Partner,12,587.8281671164118,0.175,5620.82,0
West,Grocery,Online,9,117.097484794499,0.181,869.42,0
East,Home,Partner,9,535.699668153952,0.164,4010.05,0
North,Electronics,Partner,12,469.3619661973695,0.018,5420.47,1
West,Electronics,Partner,7,334.027765780315,0.209,1894.99,0
East,Apparel,Online,7,125.75417221119037,0.215,673.1,0
South,Grocery,Partner,7,961.8674581954639,0.154,5893.49,0
West,Electronics,Online,1,189.00158709752537,0.261,143.97,0
East,Grocery,Partner,23,205.03317515911564,0.202,3721.21,1
West,Toys,Online,6,159.7593844181464,0.109,840.76,0
West,Grocery,Online,4,567.3853171509805,0.006,2190.5,0
South,Grocery,Online,4,445.9227915033924,0.018,1809.92,0
North,Apparel,Online,24,259.57489474549374,0.106,5626.26,1
East,Grocery,Partner,12,432.24644770066703,0.139,4298.69,0
East,Electronics,Partner,8,666.5809770192492,0.05,5070.47,0
North,Apparel,Online,10,290.432510238685,0.057,2648.03,0
East,Apparel,Retail,3,898.6359449891652,0.069,2524.7,0
West,Electronics,Online,8,314.0923876905976,0.234,1926.14,0
East,Electronics,Retail,6,210.25186958993913,0.231,937.73,0
East,Electronics,Retail,20,936.3851329979019,0.115,16992.82,1
South,Electronics,Retail,2,798.1381857134522,0.052,1484.5,0
East,Apparel,Online,11,349.41211984972693,0.033,3729.03,0
East,Electronics,Partner,19,827.774577098121,0.026,15489.19,1
South,Electronics,Online,21,518.061679187648,0.117,9961.7,1
East,Grocery,Online,13,352.8823983306203,0.014,4521.01,1
South,Electronics,Retail,6,826.0271259576458,0.1,4609.46,0
East,Electronics,Partner,9,742.0784641898628,0.288,4700.02,0
East,Electronics,Retail,6,305.9598489373816,0.152,1601.24,0
East,Electronics,Partner,16,602.4113746476548,0.247,7104.47,1
North,Home,Partner,8,374.6146145790053,0.039,2927.84,0
North,Grocery,Partner,16,21.00989365797261,0.08,299.09,0
West,Toys,Retail,16,943.3431117442682,0.284,11227.16,1
East,Home,Retail,23,547.6439130299233,0.115,11552.1,1
East,Electronics,Retail,9,594.4952975991519,0.195,4287.21,0
North,Toys,Partner,24,595.8957686502031,0.293,10130.52,1
East,Electronics,Retail,10,548.6158023866267,0.165,4616.77,0
North,Toys,Partner,17,298.4459309826497,0.092,4523.9,1
North,Home,Retail,16,952.713079911734,0.16,12983.18,1
South,Grocery,Retail,20,616.8016760146735,0.016,12331.48,1
West,Apparel,Retail,12,664.084506131803,0.034,7713.51,1
East,Toys,Partner,20,456.60104702436786,0.002,8856.92,1
West,Home,Online,9,296.3469444711513,0.265,2026.07,0
South,Home,Online,12,81.77502288793218,0.201,759.91,0
North,Grocery,Online,12,356.2209887051708,0.089,3934.45,1
North,Toys,Online,17,189.05353209765644,0.066,2906.48,1
West,Home,Online,15,655.6047375267314,0.205,7596.74,1
East,Home,Online,2,863.8437294106106,0.276,1202.87,0
South,Toys,Retail,20,310.6446639158262,0.09,5591.93,1
South,Apparel,Retail,19,339.5673203974847,0.096,5897.54,1
South,Electronics,Online,3,663.5499236758512,0.256,1483.6,0
South,Home,Retail,24,163.30057687158688,0.268,2908.92,1
West,Electronics,Online,16,912.2599296105911,0.274,10745.18,1
West,Electronics,Retail,3,369.29290978446375,0.088,981.3,0
East,Home,Partner,12,117.15146808970367,0.036,1307.22,0
South,Toys,Retail,21,187.69664472381584,0.132,3455.65,1
North,Toys,Retail,7,915.4362329671598,0.089,5909.3,0
West,Apparel,Online,23,257.2345168342592,0.265,4368.28,1
South,Home,Retail,11,655.7780516780349,0.011,6989.11,0
North,Electronics,Online,6,169.91861459673453,0.19,846.33,0
South,Toys,Retail,9,206.3376246548266,0.272,1306.03,0
South,Apparel,Retail,13,864.0686901439784,0.293,8025.72,1
East,Toys,Partner,17,162.11189129845934,0.195,2151.13,1
West,Grocery,Partner,23,38.000563266827996,0.285,632.64,1
North,Toys,Retail,5,501.1838619452252,0.023,2432.17,0
South,Apparel,Partner,24,848.2177407324173,0.108,18475.48,1
East,Grocery,Partner,13,332.9514035989997,0.003,4160.79,0
West,Toys,Online,4,143.0357798198821,0.294,405.71,0
North,Toys,Online,23,962.9415963830123,0.271,15686.95,1
South,Grocery,Partner,9,669.6690843098368,0.008,6066.04,0
East,Grocery,Online,15,836.6630066702302,0.005,12107.54,1
North,Electronics,Online,17,742.0527414357667,0.11,10844.26,1
West,Grocery,Online,1,690.3125830296225,0.078,647.32,0
East,Toys,Partner,6,389.18150444568346,0.254,1681.15,0
North,Apparel,Partner,17,331.3663934754938,0.048,5244.65,1
West,Apparel,Retail,8,708.2802520586952,0.237,4435.66,0
North,Toys,Online,1,708.044487850141,0.166,605.14,0
West,Apparel,Partner,1,932.5648486871296,0.113,850.62,0
South,Home,Retail,20,565.9134251343894,0.044,10669.73,1
East,Toys,Partner,4,302.8362615561666,0.299,851.06,0
South,Toys,Partner,3,489.94764735725835,0.185,1224.12,0
East,Grocery,Partner,14,609.1652640568824,0.132,7187.6,1
North,Electronics,Retail,3,429.660607593836,0.111,1166.48,0
West,Apparel,Online,16,779.4877984251663,0.272,8787.1,1
West,Grocery,Online,14,581.2286837272043,0.246,6338.29,1
East,Home,Online,16,29.058298522544526,0.243,355.82,0
North,Apparel,Partner,12,567.0462927027281,0.185,5542.74,1
East,Apparel,Online,19,628.2596345041865,0.266,8751.01,1
North,Apparel,Online,16,898.6508014823079,0.09,12750.82,1
North,Home,Partner,10,417.17280671762103,0.211,3250.92,0
South,Apparel,Partner,1,571.488952900504,0.121,511.47,0
North,Toys,Partner,7,475.99755268579895,0.18,2741.18,0
West,Home,Online,4,530.39017133013,0.299,1490.7,0
North,Toys,Partner,1,84.6119078422366,0.295,58.2,0
South,Electronics,Retail,7,881.3923208317774,0.154,5299.09,0
West,Toys,Online,5,893.9958462383606,0.172,3669.17,0
East,Grocery,Online,2,546.1372254489274,0.269,778.19,0
South,Electronics,Retail,8,554.2932950921077,0.296,3232.61,0
East,Apparel,Online,13,75.25379450619636,0.234,749.78,0
North,Toys,Online,5,594.0324925949665,0.02,2917.29,0
East,Toys,Online,7,431.985718283996,0.097,2835.74,0
East,Toys,Retail,1,700.6818850250598,0.269,506.72,0
South,Home,Retail,2,65.23991993174948,0.231,103.9,0
East,Toys,Retail,4,702.4521754203101,0.223,2217.27,0
North,Toys,Online,11,295.41807087902134,0.2,2627.36,0
North,Electronics,Retail,16,645.6371172349836,0.125,8846.87,1
East,Toys,Online,19,622.0409362996381,0.121,10016.17,1
East,Home,Partner,16,237.76782524694323,0.243,2865.51,1
South,Electronics,Partner,15,442.8342514076161,0.088,5820.58,1
North,Home,Retail,23,822.2079286911916,0.205,14518.11,1
East,Home,Partner,7,601.3679778509829,0.218,3316.99,0
South,Electronics,Retail,20,85.98876989927501,0.253,1307.74,1
West,Grocery,Retail,23,445.1924780679965,0.096,9010.55,1
East,Apparel,Retail,14,319.3006004268003,0.223,3537.96,1
South,Apparel,Retail,21,635.9798517551674,0.032,13393.33,1
East,Home,Partner,4,609.9813836434504,0.041,2385.41,0
North,Grocery,Retail,22,29.982177449734912,0.125,590.3,1
South,Toys,Partner,14,603.3876890417245,0.017,8437.16,1
North,Toys,Online,6,725.4556678255393,0.284,3047.93,0
North,Apparel,Retail,2,757.9808311055124,0.271,1092.84,0
West,Grocery,Online,18,76.61673957436271,0.015,1407.24,1
East,Grocery,Retail,11,311.5120804254742,0.251,2599.65,0
North,Home,Online,8,424.42261812946293,0.153,2942.38,0
South,Home,Online,10,192.58083948311534,0.211,1576.44,0
East,Electronics,Online,24,423.90451631840943,0.266,7307.06,1
South,Toys,Retail,11,88.28435439256864,0.173,791.67,0
West,Grocery,Partner,2,128.6885916867695,0.035,251.25,0
North,Home,Online,7,661.9469723296827,0.001,4452.86,0
East,Home,Retail,4,272.0695627137488,0.149,931.4,0
North,Home,Online,17,702.9496135803896,0.285,8755.36,1
East,Electronics,Retail,20,66.18418689600126,0.172,1105.69,1
West,Toys,Partner,21,560.1949309217628,0.112,10275.52,1
North,Toys,Partner,16,395.79071704336667,0.009,6388.17,1
East,Grocery,Retail,19,785.0925362388467,0.274,10522.9,1
West,Grocery,Partner,11,772.5935169973394,0.098,7907.77,0
North,Home,Partner,16,380.5372567592078,0.211,4650.53,1
East,Grocery,Online,3,617.8054535242057,0.208,1510.59,0
West,Home,Retail,13,238.4469140667086,0.076,2863.72,0
West,Toys,Partner,14,577.1905627332034,0.019,7881.89,1
North,Toys,Partner,1,98.01410618962154,0.116,86.65,0
South,Grocery,Partner,14,437.2201127538657,0.095,5406.72,1
South,Toys,Partner,18,195.41857427658476,0.21,2769.45,1
East,Electronics,Partner,9,868.0459348078618,0.246,6055.36,0
East,Electronics,Partner,14,447.1047852481585,0.067,5980.69,1
East,Home,Retail,7,587.1427986920335,0.158,3367.33,0
North,Home,Online,7,365.96658591681,0.012,2566.14,0
East,Toys,Retail,4,297.19139383021076,0.064,1144.45,0
East,Home,Retail,8,214.80299173907224,0.229,1358.8,0
South,Home,Partner,20,895.3967193603388,0.238,13564.66,1
South,Grocery,Partner,23,787.4871511298745,0.233,13389.83,1
South,Apparel,Online,16,147.93069865378965,0.043,2343.25,1
West,Home,Partner,15,736.8558812401263,0.165,9152.25,1
North,Home,Retail,15,421.78954595518707,0.127,5461.9,1
North,Home,Retail,12,34.78078876214706,0.297,299.5,0
East,Grocery,Partner,11,527.2326275611731,0.196,4574.8,0
North,Grocery,Online,15,144.84458248147146,0.281,1603.98,1
North,Home,Online,19,221.53694056985088,0.044,3887.52,1
West,Home,Online,10,688.1993229671293,0.135,6067.56,0
South,Home,Retail,14,266.85635565554827,0.231,2980.03,1
North,Electronics,Partner,12,876.212673768144,0.11,9729.1,1
North,Home,Partner,7,650.8829680872032,0.19,3815.63,0
North,Apparel,Partner,7,818.9921455143767,0.154,4993.93,0
South,Electronics,Online,2,610.5819567969767,0.298,842.09,0
North,Electronics,Online,11,854.0956073811352,0.052,9239.01,1
West,Home,Partner,18,367.21728802126415,0.281,4915.21,1
South,Electronics,Online,17,547.1749538101565,0.12,8208.25,1
North,Toys,Online,24,515.2547844265603,0.14,10551.55,1
South,Home,Retail,1,887.6390797548517,0.159,723.17,0
East,Apparel,Online,19,178.318792264269,0.08,3139.61,1
West,Toys,Online,20,574.9383326592247,0.289,8306.79,1
South,Home,Online,11,744.2539464579012,0.273,5906.09,0
North,Toys,Retail,7,375.2477701123139,0.292,1845.75,0
South,Toys,Retail,9,852.8782636313373,0.299,5412.37,0
East,Electronics,Partner,17,378.0941763946247,0.201,4941.64,1
East,Apparel,Online,21,186.37640950007946,0.136,3505.48,1
South,Home,Online,16,580.6864211888305,0.255,6805.44,1
West,Grocery,Online,13,423.74528963582,0.007,5312.98,1
North,Electronics,Online,16,34.582500494724364,0.25,398.57,0
West,Electronics,Partner,2,87.04504879376309,0.149,152.38,0
West,Grocery,Retail,15,207.46609299832642,0.202,2555.53,1
South,Grocery,Partner,2,758.5567611374262,0.112,1303.58,0
East,Electronics,Retail,24,876.3579353923984,0.111,18177.78,1
South,Home,Online,22,543.8152390536536,0.01,11794.93,1
South,Toys,Online,13,121.34284401355853,0.127,1342.49,0
North,Electronics,Partner,9,533.0421941521721,0.123,4286.68,0
West,Apparel,Retail,18,841.3812421730672,0.067,13630.56,1
East,Apparel,Online,16,739.4985239576861,0.074,10999.98,1
North,Toys,Retail,17,299.45423714948,0.175,4160.47,1
West,Apparel,Retail,13,138.9349849168235,0.095,1629.99,0
East,Home,Partner,6,884.6544317717533,0.249,3962.26,0
West,Apparel,Partner,2,839.9251967669226,0.033,1579.34,0
South,Toys,Online,7,71.56675053941676,0.173,405.03,0
West,Electronics,Online,13,810.7275102315817,0.048,9684.24,1
East,Apparel,Online,11,113.32413227354192,0.158,1017.3,0
North,Apparel,Retail,13,80.75228806595554,0.166,908.99,0
East,Grocery,Online,7,748.2568612604091,0.193,4152.44,0
South,Grocery,Retail,23,534.8581970479597,0.128,10561.51,1
South,Home,Partner,9,417.9661031267061,0.153,3091.11,0
South,Electronics,Online,21,887.7077081369811,0.054,17995.19,1
South,Toys,Retail,10,825.7314291850436,0.139,7350.78,0
East,Home,Online,11,75.31853268517435,0.112,752.77,0
East,Grocery,Partner,15,611.4437522635254,0.2,7403.43,1
West,Apparel,Retail,7,761.3767070791599,0.13,4752.98,0
West,Grocery,Partner,6,548.470956583954,0.234,2501.46,0
South,Grocery,Online,10,963.6852791131407,0.128,8645.01,0
North,Apparel,Online,20,678.6056044616463,0.071,12909.6,1
North,Toys,Partner,4,119.9772921891443,0.082,423.0,0
South,Apparel,Online,11,210.36609151995532,0.014,2279.4,0
North,Apparel,Retail,17,813.1957963514835,0.162,11366.64,1
West,Apparel,Partner,17,976.886406218528,0.249,12059.07,1
West,Toys,Retail,11,114.40569619749411,0.231,994.56,0
North,Apparel,Online,2,116.31614513124646,0.131,194.2,0
East,Toys,Partner,1,752.8515719775521,0.059,721.48,0
North,Home,Online,12,81.78011044787797,0.259,755.59,0
North,Toys,Partner,20,85.81771142225357,0.017,1684.75,1
North,Grocery,Online,1,873.263823689276,0.12,760.56,0
North,Electronics,Retail,22,788.4318198257129,0.257,12996.82,1
South,Grocery,Retail,17,866.3006718698069,0.118,13305.94,1
South,Electronics,Online,1,644.4928660474435,0.035,609.01,0
North,Home,Retail,9,329.6349650613041,0.08,2674.94,0
West,Apparel,Online,6,890.0606627194795,0.18,4416.65,0
East,Toys,Online,23,306.7745839754545,0.046,6968.12,1
South,Toys,Partner,14,284.49040587665536,0.196,3150.59,1
South,Grocery,Retail,8,870.9444024250604,0.131,5995.11,0
North,Home,Partner,7,673.5896887934796,0.1,4411.1,0
South,Grocery,Online,14,879.845201320873,0.072,11134.86,1
South,Apparel,Online,1,169.6652376838135,0.247,123.43,0
South,Apparel,Online,7,934.2049258550061,0.119,5802.61,0
North,Apparel,Retail,4,608.232470432314,0.222,1820.78,0
East,Home,Partner,15,661.3136423296905,0.132,8390.18,1
East,Toys,Retail,17,897.4981571133935,0.028,14975.25,1
East,Grocery,Retail,12,385.52285570684353,0.132,4066.85,1
West,Apparel,Partner,4,710.7919949080277,0.152,2413.02,0
North,Apparel,Online,9,634.7269962795046,0.137,4884.08,0
West,Grocery,Partner,21,776.2426101113218,0.245,12382.35,1
East,Home,Online,5,881.065080159975,0.273,3239.41,0
East,Apparel,Retail,4,672.8584212128909,0.236,2106.18,0
South,Grocery,Retail,3,84.93397232294178,0.175,215.13,0
South,Home,Online,20,195.81473201578902,0.162,3325.12,1
West,Grocery,Retail,3,935.8190549764007,0.193,2337.07,0
South,Grocery,Partner,14,949.9044544421372,0.086,12483.67,1
North,Grocery,Retail,24,948.716781150428,0.244,16708.47,1
South,Home,Partner,16,55.32742438411326,0.257,681.76,0
South,Toys,Retail,10,387.15024123144156,0.08,3673.41,0
North,Grocery,Retail,5,749.2857958284762,0.271,2692.02,0
West,Apparel,Retail,1,742.7703715115176,0.255,532.12,0
North,Electronics,Retail,4,102.47254875196018,0.127,360.81,0
West,Apparel,Online,23,605.1093316059382,0.273,10068.19,1
West,Toys,Retail,4,157.15483379922316,0.036,618.09,0
North,Home,Online,1,493.4809595530816,0.008,490.5,0
North,Electronics,Online,20,250.09827280747663,0.104,4329.92,1
North,Home,Retail,11,71.03472486533857,0.17,635.3,0
West,Electronics,Retail,9,96.81864850554518,0.105,803.74,0
West,Home,Retail,18,894.4572317407119,0.283,11116.92,1
East,Home,Retail,13,734.8601256334726,0.076,8994.27,1
North,Toys,Retail,22,914.5510225020324,0.084,18123.27,1
North,Home,Retail,12,471.1903350402106,0.19,4562.62,0
South,Home,Online,18,416.7607989946921,0.001,7512.78,1
North,Toys,Retail,22,364.0710008020118,0.218,6138.25,1
West,Toys,Retail,12,611.6548122100064,0.113,6589.6,1
East,Grocery,Online,7,357.4970114924803,0.293,1796.63,0
East,Apparel,Online,24,736.422304622726,0.207,13550.34,1
West,Home,Retail,6,789.2646331672277,0.016,4612.82,0
West,Apparel,Retail,1,860.8108096922058,0.028,853.07,0
West,Home,Online,14,253.08889303546619,0.026,3512.31,1
West,Electronics,Retail,24,525.9411673206804,0.286,9044.69,1
South,Home,Online,3,234.50683206064528,0.205,571.72,0
East,Electronics,Partner,21,56.05359048352749,0.128,994.23,1
West,Home,Online,20,699.5122920030442,0.06,12749.16,1
East,Grocery,Retail,23,547.0220229777196,0.262,9402.14,1
West,Grocery,Partner,11,714.9701883709603,0.06,7507.13,1
North,Home,Retail,7,104.11799495027563,0.212,588.77,0
East,Electronics,Retail,13,975.7051318994643,0.229,9529.95,1
West,Apparel,Retail,4,974.5746242691507,0.088,3560.02,0
East,Electronics,Partner,21,466.3998324833722,0.151,8422.43,1
South,Toys,Partner,16,851.4163665764826,0.067,12429.0,1
North,Grocery,Online,12,253.82581357333453,0.114,2702.33,0
East,Home,Online,13,728.0635147743651,0.29,6794.45,1
East,Electronics,Online,18,864.0568225410232,0.208,12036.6,1
East,Electronics,Online,13,802.0796154375474,0.254,7701.13,1
West,Grocery,Online,21,799.3031151115111,0.162,13746.93,1
South,Apparel,Partner,23,464.5055668053105,0.072,10234.0,1
North,Electronics,Partner,23,807.1903498676219,0.214,14285.13,1
South,Electronics,Retail,15,683.0766205004485,0.15,8445.05,1
West,Apparel,Online,18,147.1533422184362,0.053,2415.1,1
West,Toys,Partner,8,129.6170279019393,0.124,875.29,0
West,Grocery,Online,1,761.0452504972543,0.19,601.24,0
East,Apparel,Retail,10,620.4455252220068,0.221,4875.11,0
South,Toys,Partner,21,518.6010725037223,0.073,9706.04,1
East,Electronics,Online,4,890.971319214875,0.263,2581.77,0
West,Electronics,Online,14,653.2067425963698,0.114,7815.98,1
North,Electronics,Online,5,400.30087528476815,0.081,1825.21,0
East,Grocery,Retail,11,417.37453584913646,0.059,4164.22,0
West,Home,Online,4,601.0345863848815,0.241,1840.44,0
West,Grocery,Online,18,749.8642732988944,0.106,12248.71,1
West,Electronics,Partner,20,561.7791746711591,0.145,9784.21,1
East,Electronics,Retail,19,508.4104469304125,0.067,8813.84,1
East,Grocery,Retail,17,717.8246745480145,0.206,9974.84,1
East,Electronics,Online,6,697.0539679107549,0.234,3252.43,0
West,Electronics,Partner,13,817.1329669890185,0.102,9200.87,1
East,Home,Online,3,80.04971482620263,0.284,171.13,0
South,Toys,Online,9,744.7540467986997,0.009,6784.75,0
East,Apparel,Partner,13,513.2100329136224,0.04,6307.97,1
North,Home,Online,17,91.7053952318258,0.177,1270.89,1
North,Toys,Retail,3,671.8496270427389,0.21,1608.79,0
West,Home,Partner,20,707.878586241865,0.075,12630.05,1
South,Apparel,Online,12,522.6820827628972,0.166,5426.41,0
East,Electronics,Retail,22,782.0470185437723,0.096,15148.32,1
East,Home,Online,13,308.23818428412943,0.166,3215.37,1
West,Grocery,Partner,14,213.8309297901787,0.198,2305.88,1
East,Toys,Online,17,356.7045936735473,0.292,4258.8,1
West,Grocery,Online,20,413.64849276413844,0.137,7359.05,1
West,Electronics,Online,4,688.0962583060821,0.194,2275.17,0
South,Electronics,Partner,13,831.6991403630985,0.173,9236.35,1
West,Home,Partner,1,712.0814624755294,0.095,646.18,0
South,Electronics,Retail,12,187.02805670681744,0.076,2065.26,0
South,Home,Online,20,371.5684014082471,0.296,5183.91,1
South,Grocery,Online,21,172.07716490986687,0.062,3266.58,1
East,Apparel,Retail,7,679.2552315757292,0.237,3746.76,0
South,Home,Partner,10,258.24500308821837,0.044,2468.07,0
North,Toys,Retail,14,524.3714555377729,0.241,5551.94,1
South,Electronics,Online,10,780.156649466897,0.056,7373.62,1
West,Grocery,Retail,5,664.1017039247505,0.29,2413.04,0
South,Apparel,Retail,8,306.4390310385274,0.206,1903.6,0
North,Grocery,Partner,10,339.55208059168723,0.027,3359.32,0
East,Toys,Retail,13,647.2297151389105,0.208,6776.24,1
West,Electronics,Retail,23,547.4890393663463,0.181,10601.45,1
East,Toys,Partner,14,112.53774797124262,0.101,1360.73,0
South,Electronics,Partner,10,859.0319257026043,0.078,7711.43,0
West,Home,Retail,16,512.1087181314836,0.216,6409.01,1
East,Grocery,Retail,19,474.4265726695668,0.222,7209.64,1
North,Grocery,Partner,11,210.50176316697184,0.098,2166.31,0
West,Grocery,Partner,12,381.9140662117158,0.263,3403.28,1
East,Home,Partner,6,339.51186782249516,0.081,1828.96,0
South,Home,Online,21,279.90625551624976,0.021,5609.39,1
South,Apparel,Retail,21,564.7103116609022,0.18,9832.79,1
North,Grocery,Partner,5,463.78434586907076,0.032,2192.65,0
North,Home,Retail,9,873.6297779020806,0.083,7240.69,0
West,Toys,Retail,7,923.6902179652744,0.152,5629.89,0
North,Apparel,Partner,23,230.69449205896723,0.086,4806.91,1
North,Toys,Online,2,116.1012116165221,0.064,215.23,0
East,Apparel,Retail,5,773.9240494282394,0.211,2939.83,0
East,Toys,Retail,8,975.0669474930646,0.164,6392.95,0
West,Electronics,Online,14,849.056067059988,0.252,9032.29,1
West,Electronics,Retail,6,42.749506033985334,0.174,209.5,0
East,Apparel,Partner,13,261.21300867820736,0.145,2824.02,0
East,Home,Online,18,61.608585959613364,0.078,990.21,1
South,Toys,Online,20,807.9482019595199,0.238,11914.24,1
West,Apparel,Online,3,578.1506972406237,0.059,1652.9,0
North,Electronics,Online,4,513.1697995203717,0.073,1919.98,0
North,Apparel,Online,3,552.2718867166665,0.252,1241.13,0
North,Home,Partner,22,262.3532083487275,0.222,4490.55,1
North,Home,Online,16,597.5728343733083,0.184,7585.42,1
West,Toys,Online,13,49.44029932546879,0.012,635.04,0
South,Apparel,Online,19,640.171255012006,0.038,11289.11,1
West,Toys,Retail,15,725.0564769716775,0.15,9559.42,1
South,Toys,Partner,6,666.105213163354,0.224,2991.73,0
West,Toys,Online,13,338.83281757973145,0.139,3769.35,1
East,Home,Partner,17,813.2123985224409,0.005,13205.9,1
South,Grocery,Partner,1,706.9222372327828,0.055,683.33,0
East,Apparel,Partner,15,143.16543000730675,0.177,1720.18,0
South,Toys,Partner,12,207.33845171678243,0.208,2037.53,0
East,Electronics,Partner,2,631.6240766511091,0.01,1204.99,0
East,Electronics,Online,7,297.8394882137851,0.013,2110.58,0
North,Grocery,Partner,11,134.65562378838746,0.078,1382.79,0
South,Home,Retail,9,168.7702334238965,0.025,1451.31,0
West,Toys,Partner,7,178.99249331878462,0.163,1023.75,0
East,Toys,Retail,16,478.67927054564694,0.037,7291.51,1
East,Toys,Partner,10,603.0900352923175,0.194,4988.61,0
South,Apparel,Retail,12,189.34618386023834,0.233,1793.21,0
North,Electronics,Online,20,703.9967459486923,0.291,9723.35,1
East,Electronics,Retail,3,289.7721032014673,0.285,614.27,0
West,Grocery,Retail,9,319.0958128582024,0.082,2581.0,0
West,Apparel,Partner,2,234.55867623114327,0.009,450.86,0
East,Home,Partner,23,773.7978905054633,0.099,16223.28,1
South,Home,Retail,5,941.421279619402,0.213,3658.82,0
North,Electronics,Retail,20,492.799854730969,0.018,9465.96,1
East,Home,Partner,5,60.34941577471251,0.108,277.04,0
North,Electronics,Partner,8,270.1465437684568,0.089,2007.94,0
West,Electronics,Retail,15,171.7282794740922,0.066,2458.6,1
East,Electronics,Online,20,829.0517934579372,0.212,12584.19,1
West,Grocery,Retail,5,101.45982793587694,0.198,420.37,0
East,Home,Partner,6,947.8171910608485,0.161,4799.84,0
East,Grocery,Online,22,584.9732255596409,0.273,9358.91,1
South,Home,Retail,8,517.0301955911967,0.031,3851.09,0
North,Apparel,Retail,6,833.4565975224193,0.045,4927.64,0
East,Toys,Online,18,46.44571643979791,0.115,742.48,1
South,Grocery,Partner,3,766.0666394307292,0.197,1893.46,0
North,Home,Retail,21,131.9398837457759,0.175,2314.3,1
South,Electronics,Partner,22,827.1469749828148,0.022,18219.31,1
North,Apparel,Online,21,528.0091704683473,0.288,8016.65,1
West,Grocery,Partner,8,78.68422626568812,0.092,590.81,0
North,Home,Partner,3,819.9152372492714,0.108,2145.91,0
North,Grocery,Retail,11,46.22155238840158,0.187,403.51,0
North,Home,Retail,9,152.83586517785935,0.284,1001.62,0
East,Electronics,Partner,24,785.9115428735638,0.199,15110.05,1
West,Grocery,Retail,16,466.27627890357536,0.286,5369.0,1
East,Toys,Retail,23,866.1331561806404,0.056,19119.22,1
West,Toys,Online,19,630.0121018794401,0.186,9780.74,1
East,Grocery,Partner,18,618.5876041955917,0.249,8554.52,1
East,Electronics,Partner,3,300.54570188673426,0.153,752.62,0
South,Grocery,Online,2,148.3333026096642,0.109,271.92,0
East,Apparel,Retail,2,942.7254952608153,0.295,1287.52,0
South,Grocery,Online,15,120.60578157765934,0.042,1751.68,0
East,Electronics,Partner,5,527.8501760706249,0.123,2386.86,0
South,Home,Retail,24,281.66584720138906,0.262,4890.16,1
West,Toys,Online,4,273.5750370381965,0.27,787.77,0
North,Electronics,Retail,23,590.8027705307005,0.294,9444.14,1
West,Electronics,Retail,17,786.0167524917141,0.265,9871.77,1
West,Grocery,Retail,3,766.0923035180275,0.015,2248.02,0
West,Electronics,Partner,2,854.0496216258114,0.279,1192.91,0
North,Toys,Partner,10,301.1866283958724,0.128,2708.56,0
West,Grocery,Retail,9,467.12132644647085,0.195,3304.34,0
North,Toys,Partner,8,28.961190291223957,0.118,204.91,0
South,Home,Online,13,736.9833182109109,0.244,7298.01,1
West,Home,Partner,4,310.2493876565917,0.173,988.6,0
West,Toys,Partner,4,559.0337919393791,0.254,1614.2,0
East,Home,Retail,17,182.52827073867266,0.058,3033.31,1
West,Home,Partner,24,806.6235268489554,0.055,18534.99,1
East,Electronics,Online,7,804.5813305071466,0.132,4706.22,0
East,Toys,Retail,23,862.3547981628373,0.001,20280.67,1
South,Toys,Retail,9,64.09951722245393,0.208,457.21,0
East,Toys,Partner,9,972.7603613840132,0.089,7704.62,0
West,Electronics,Online,3,257.86823786210675,0.167,653.73,0
South,Toys,Online,11,317.0563386054555,0.021,3414.2,0
South,Toys,Retail,12,259.36230002282826,0.051,2883.89,0
East,Electronics,Partner,16,276.83139043187106,0.187,3709.83,1
East,Grocery,Retail,4,550.5549018595008,0.092,1966.24,0
West,Home,Retail,5,250.21812253162838,0.064,1150.84,0
North,Home,Online,11,398.02045894438857,0.069,4002.03,0
South,Toys,Partner,2,649.3823191454867,0.064,1241.65,0
East,Home,Retail,4,822.5851554346177,0.187,2719.16,0
East,Home,Retail,16,685.0318402562043,0.05,10748.3,1
West,Apparel,Online,23,590.5499309958303,0.109,11840.09,1
South,Grocery,Retail,14,161.81942003942595,0.206,1839.99,0
East,Grocery,Online,4,803.4709774796313,0.154,2734.83,0
West,Electronics,Retail,24,55.78389247331714,0.179,1082.34,1
East,Toys,Retail,13,273.62399670589,0.075,3168.05,1
East,Electronics,Retail,18,74.77656025468275,0.28,993.83,1
South,Apparel,Partner,5,660.7318165610841,0.124,2834.06,0
East,Grocery,Partner,14,373.6362392897739,0.086,4831.44,1
West,Electronics,Online,2,645.9665438766721,0.271,945.5,0
South,Apparel,Online,16,353.14972093144667,0.197,4357.39,1
North,Apparel,Partner,5,457.5111015675144,0.184,1940.47,0
East,Toys,Retail,22,459.6425697595336,0.266,7608.95,1
West,Home,Online,2,63.75742752084282,0.018,125.08,0
South,Home,Partner,16,433.0174652921634,0.251,5264.15,1
West,Grocery,Partner,4,635.4217885905946,0.203,2021.93,0
North,Home,Retail,17,544.2101562324165,0.108,8413.88,1
North,Toys,Partner,12,92.27241562715577,0.077,992.11,0
North,Electronics,Online,24,661.3337462592789,0.031,15313.97,1
East,Apparel,Partner,16,316.50824471865053,0.282,3588.21,1
South,Grocery,Retail,9,33.85741066786121,0.043,290.67,0
South,Grocery,Online,3,169.3717348008754,0.078,466.63,0
East,Toys,Partner,15,497.6572710238971,0.207,5750.61,1
South,Apparel,Retail,11,317.98559266886593,0.213,2857.74,0
South,Electronics,Partner,2,686.6076932034088,0.048,1256.63,0
North,Grocery,Retail,14,251.02733654313386,0.244,2552.74,0
West,Toys,Partner,6,761.8843217361618,0.153,3832.69,0
West,Apparel,Online,6,295.0180941382207,0.255,1331.43,0
South,Home,Retail,1,616.029159281039,0.026,584.64,0
East,Toys,Retail,9,787.247725041133,0.013,7011.69,0
South,Home,Partner,6,390.1338834979989,0.191,1927.46,0
South,Grocery,Retail,2,64.93274414285165,0.045,119.99,0
North,Electronics,Online,11,534.0277002165257,0.157,5143.95,1
West,Apparel,Retail,6,975.5926990827203,0.004,5753.98,0
North,Electronics,Partner,4,950.232191721837,0.234,2944.68,0
East,Toys,Online,12,232.18130618640149,0.27,1970.57,0
South,Toys,Partner,2,745.4686490472823,0.252,1133.91,0
West,Grocery,Retail,24,351.1537585472633,0.288,6163.95,1
East,Home,Retail,12,173.86158097576782,0.271,1472.91,0
South,Electronics,Online,24,659.2781125783936,0.133,13307.66,1
North,Home,Online,22,500.8339803456982,0.12,9526.31,1
North,Electronics,Partner,24,537.6613353494502,0.269,9064.43,1
East,Toys,Partner,14,814.2969557460881,0.278,8550.97,1
South,Toys,Partner,11,343.08192885192614,0.292,2692.95,0
North,Grocery,Retail,18,660.4109691734365,0.23,9232.08,1
South,Apparel,Retail,2,371.54380828412025,0.061,723.38,0
South,Apparel,Partner,21,61.01494071721202,0.283,943.1,1
East,Electronics,Online,8,382.89450304289494,0.284,2248.36,0
East,Home,Partner,1,932.0330846759692,0.2,736.05,0
South,Home,Online,6,483.93198280488036,0.257,2128.87,0
North,Toys,Retail,6,123.90121936339344,0.168,608.21,0
West,Toys,Online,1,680.3137562011768,0.283,481.8,0
West,Electronics,Partner,17,944.8441757297804,0.028,15449.62,1
North,Apparel,Online,3,891.6274366824869,0.259,1925.0,0
South,Home,Retail,21,569.0824042958131,0.017,11612.19,1
East,Apparel,Retail,11,381.22951457459,0.102,3749.74,0
North,Electronics,Partner,18,577.4505617688708,0.041,9815.92,1
South,Grocery,Partner,9,803.2938197112795,0.144,6022.89,0
West,Toys,Partner,4,846.7878483377161,0.07,3118.15,0
West,Home,Retail,5,806.0901295447436,0.286,2873.35,0
